date,ticker,composite_rank,old_part2_rank,new_part2_rank,weighted_pctrank
2026-02-10,A,99,,,0.1408
2026-02-10,AA,192,,,0.2744
2026-02-10,AAL,79,,,0.1121
2026-02-10,AAON,642,,,0.921
2026-02-10,AAPL,213,,,0.3046
2026-02-10,ABBV,181,,,0.2586
2026-02-10,ABNB,93,,,0.1322
2026-02-10,ABT,115,,,0.1638
2026-02-10,ACGL,277,,,0.3966
2026-02-10,ACI,265,,,0.3793
2026-02-10,ACN,117,,,0.1667
2026-02-10,ADBE,49,,,0.069
2026-02-10,ADC,408,,,0.5848
2026-02-10,ADI,568,,,0.8147
2026-02-10,ADP,67,,,0.0948
2026-02-10,ADSK,84,,,0.1193
2026-02-10,AEE,360,,,0.5158
2026-02-10,AEIS,679,,,0.9741
2026-02-10,AEP,363,,,0.5201
2026-02-10,AES,633,,,0.908
2026-02-10,AFL,323,,,0.4626
2026-02-10,AIG,189,,,0.2701
2026-02-10,AIT,357,,,0.5115
2026-02-10,AIZ,221,,,0.3161
2026-02-10,AJG,42,,,0.0589
2026-02-10,AKAM,464,,,0.6652
2026-02-10,ALB,4,4,4,0.0043
2026-02-10,ALGM,691,,,0.9914
2026-02-10,ALGN,674,,,0.967
2026-02-10,ALK,665,,,0.954
2026-02-10,ALL,90,,,0.1279
2026-02-10,ALLE,512,,,0.7342
2026-02-10,ALLY,247,,,0.3534
2026-02-10,AM,565,,,0.8103
2026-02-10,AMAT,666,,,0.9555
2026-02-10,AMCR,575,,,0.8247
2026-02-10,AMD,128,,,0.1825
2026-02-10,AME,550,,,0.7888
2026-02-10,AMG,308,,,0.4411
2026-02-10,AMGN,474,,,0.6796
2026-02-10,AMP,194,,,0.2773
2026-02-10,AMT,325,,,0.4655
2026-02-10,AMZN,89,,,0.1264
2026-02-10,AN,174,,,0.2486
2026-02-10,ANET,616,,,0.8836
2026-02-10,AON,81,,,0.1149
2026-02-10,AOS,589,,,0.8448
2026-02-10,APD,556,,,0.7974
2026-02-10,APG,562,,,0.806
2026-02-10,APH,271,,,0.3879
2026-02-10,APO,158,,,0.2256
2026-02-10,APP,113,,,0.1609
2026-02-10,APPF,53,,,0.0747
2026-02-10,APTV,399,,,0.5718
2026-02-10,ARES,125,,,0.1782
2026-02-10,ARMK,431,,,0.6178
2026-02-10,ARW,684,,,0.9813
2026-02-10,ASB,480,,,0.6882
2026-02-10,ASGN,159,,,0.227
2026-02-10,ASH,290,,,0.4152
2026-02-10,ASML,580,,,0.8319
2026-02-10,ATI,618,,,0.8865
2026-02-10,ATO,267,,,0.3822
2026-02-10,ATR,654,,,0.9382
2026-02-10,AVAV,137,,,0.1954
2026-02-10,AVB,317,,,0.454
2026-02-10,AVGO,167,,,0.2385
2026-02-10,AVNT,669,,,0.9598
2026-02-10,AVT,690,,,0.9899
2026-02-10,AVTR,202,,,0.2888
2026-02-10,AVY,340,,,0.4871
2026-02-10,AWK,172,,,0.2457
2026-02-10,AXON,66,,,0.0934
2026-02-10,AXP,222,,,0.3175
2026-02-10,AXTA,470,,,0.6739
2026-02-10,AYI,241,,,0.3448
2026-02-10,AZO,291,,,0.4167
2026-02-10,BAC,276,,,0.3951
2026-02-10,BAH,179,,,0.2557
2026-02-10,BALL,678,,,0.9727
2026-02-10,BAX,536,,,0.7687
2026-02-10,BBY,210,,,0.3003
2026-02-10,BC,462,,,0.6624
2026-02-10,BCO,519,,,0.7443
2026-02-10,BDC,659,,,0.9454
2026-02-10,BEN,585,,,0.8391
2026-02-10,BF-B,481,,,0.6897
2026-02-10,BHF,234,,,0.3348
2026-02-10,BIIB,310,,,0.444
2026-02-10,BILL,636,,,0.9124
2026-02-10,BIO,196,,,0.2802
2026-02-10,BJ,311,,,0.4454
2026-02-10,BK,441,,,0.6322
2026-02-10,BKH,235,,,0.3362
2026-02-10,BKNG,45,,,0.0632
2026-02-10,BKR,657,,,0.9425
2026-02-10,BLK,256,,,0.3664
2026-02-10,BLKB,28,28,28,0.0388
2026-02-10,BMRN,469,,,0.6724
2026-02-10,BMY,539,,,0.773
2026-02-10,BR,17,17,17,0.023
2026-02-10,BRK-B,239,,,0.342
2026-02-10,BROS,185,,,0.2644
2026-02-10,BRX,558,,,0.8003
2026-02-10,BSX,37,,,0.0517
2026-02-10,BSY,136,,,0.194
2026-02-10,BURL,342,,,0.4899
2026-02-10,BWA,630,,,0.9037
2026-02-10,BWXT,405,,,0.5805
2026-02-10,BX,176,,,0.2514
2026-02-10,BXP,220,,,0.3147
2026-02-10,C,449,,,0.6437
2026-02-10,CACI,422,,,0.6049
2026-02-10,CAG,525,,,0.7529
2026-02-10,CAH,199,,,0.2845
2026-02-10,CART,70,,,0.0991
2026-02-10,CASY,501,,,0.7184
2026-02-10,CAT,677,,,0.9713
2026-02-10,CAVA,620,,,0.8894
2026-02-10,CB,314,,,0.4497
2026-02-10,CBOE,130,,,0.1853
2026-02-10,CBRE,411,,,0.5891
2026-02-10,CBSH,349,,,0.5
2026-02-10,CCEP,398,,,0.5704
2026-02-10,CCK,455,,,0.6523
2026-02-10,CCL,563,,,0.8075
2026-02-10,CDW,320,,,0.4583
2026-02-10,CEG,94,,,0.1336
2026-02-10,CELH,177,,,0.2529
2026-02-10,CFG,594,,,0.852
2026-02-10,CFR,505,,,0.7241
2026-02-10,CG,231,,,0.3305
2026-02-10,CGNX,614,,,0.8807
2026-02-10,CHD,524,,,0.7514
2026-02-10,CHDN,86,,,0.1221
2026-02-10,CHE,301,,,0.431
2026-02-10,CHH,522,,,0.7486
2026-02-10,CHRW,604,,,0.8664
2026-02-10,CHTR,671,,,0.9626
2026-02-10,CHWY,56,,,0.079
2026-02-10,CI,388,,,0.556
2026-02-10,CIEN,682,,,0.9784
2026-02-10,CINF,249,,,0.3563
2026-02-10,CL,573,,,0.8218
2026-02-10,CLX,613,,,0.8793
2026-02-10,CMC,153,,,0.2184
2026-02-10,CME,545,,,0.7816
2026-02-10,CMI,582,,,0.8348
2026-02-10,CMS,318,,,0.4555
2026-02-10,CNC,123,,,0.1753
2026-02-10,CNM,445,,,0.6379
2026-02-10,CNO,273,,,0.3908
2026-02-10,CNP,424,,,0.6078
2026-02-10,CNX,155,,,0.2213
2026-02-10,CNXC,390,,,0.5589
2026-02-10,COF,188,,,0.2687
2026-02-10,COHR,663,,,0.9511
2026-02-10,COLB,520,,,0.7457
2026-02-10,COLM,61,,,0.0862
2026-02-10,COO,282,,,0.4037
2026-02-10,COR,312,,,0.4468
2026-02-10,COST,336,,,0.4813
2026-02-10,CPAY,509,,,0.7299
2026-02-10,CPB,438,,,0.6279
2026-02-10,CPRI,13,13,13,0.0172
2026-02-10,CPT,3,3,3,0.0029
2026-02-10,CR,309,,,0.4425
2026-02-10,CRBG,384,,,0.5503
2026-02-10,CRH,444,,,0.6365
2026-02-10,CRL,102,,,0.1451
2026-02-10,CRM,52,,,0.0733
2026-02-10,CROX,224,,,0.3204
2026-02-10,CRS,374,,,0.5359
2026-02-10,CRUS,108,,,0.1537
2026-02-10,CRWD,109,,,0.1552
2026-02-10,CSCO,571,,,0.819
2026-02-10,CSGP,82,,,0.1164
2026-02-10,CSL,661,,,0.9483
2026-02-10,CSX,538,,,0.7716
2026-02-10,CTAS,364,,,0.5216
2026-02-10,CTSH,85,,,0.1207
2026-02-10,CUBE,377,,,0.5402
2026-02-10,CVLT,7,7,7,0.0086
2026-02-10,CVNA,74,,,0.1049
2026-02-10,CVS,148,,,0.2112
2026-02-10,CW,502,,,0.7198
2026-02-10,D,463,,,0.6638
2026-02-10,DAL,546,,,0.783
2026-02-10,DASH,121,,,0.1724
2026-02-10,DAY,253,,,0.3621
2026-02-10,DBX,132,,,0.1882
2026-02-10,DCI,617,,,0.8851
2026-02-10,DD,606,,,0.8693
2026-02-10,DECK,583,,,0.8362
2026-02-10,DELL,370,,,0.5302
2026-02-10,DG,397,,,0.569
2026-02-10,DGX,579,,,0.8305
2026-02-10,DHR,184,,,0.2629
2026-02-10,DIS,246,,,0.352
2026-02-10,DLB,428,,,0.6135
2026-02-10,DLTR,154,,,0.2198
2026-02-10,DOCU,35,,,0.0489
2026-02-10,DOV,619,,,0.8879
2026-02-10,DPZ,139,,,0.1983
2026-02-10,DRI,426,,,0.6106
2026-02-10,DT,55,,,0.0776
2026-02-10,DTE,371,,,0.5316
2026-02-10,DTM,516,,,0.7399
2026-02-10,DUK,344,,,0.4928
2026-02-10,DVA,280,,,0.4009
2026-02-10,DXCM,270,,,0.3865
2026-02-10,DY,622,,,0.8922
2026-02-10,EBAY,243,,,0.3477
2026-02-10,ECL,564,,,0.8089
2026-02-10,ED,443,,,0.6351
2026-02-10,EEFT,345,,,0.4943
2026-02-10,EFX,203,,,0.2902
2026-02-10,EG,341,,,0.4885
2026-02-10,EGP,375,,,0.5374
2026-02-10,EHC,391,,,0.5603
2026-02-10,EIX,533,,,0.7644
2026-02-10,EL,75,,,0.1063
2026-02-10,ELAN,560,,,0.8032
2026-02-10,ELF,15,15,15,0.0201
2026-02-10,ELS,437,,,0.6264
2026-02-10,ELV,163,,,0.2328
2026-02-10,EME,664,,,0.9526
2026-02-10,EMR,637,,,0.9138
2026-02-10,ENS,588,,,0.8434
2026-02-10,ENSG,510,,,0.7313
2026-02-10,ENTG,697,,,1.0
2026-02-10,EPAM,215,,,0.3075
2026-02-10,EPR,527,,,0.7557
2026-02-10,EQIX,407,,,0.5833
2026-02-10,EQT,353,,,0.5057
2026-02-10,ERIE,191,,,0.273
2026-02-10,ES,303,,,0.4339
2026-02-10,ESNT,330,,,0.4727
2026-02-10,ESS,404,,,0.579
2026-02-10,ETN,592,,,0.8491
2026-02-10,ETR,460,,,0.6595
2026-02-10,EVR,149,,,0.2126
2026-02-10,EVRG,417,,,0.5977
2026-02-10,EW,88,,,0.125
2026-02-10,EWBC,453,,,0.6494
2026-02-10,EXC,304,,,0.4353
2026-02-10,EXEL,129,,,0.1839
2026-02-10,EXLS,43,,,0.0603
2026-02-10,EXPD,293,,,0.4195
2026-02-10,EXPE,73,,,0.1034
2026-02-10,EXR,382,,,0.5474
2026-02-10,F,92,,,0.1307
2026-02-10,FAF,373,,,0.5345
2026-02-10,FAST,467,,,0.6695
2026-02-10,FBIN,643,,,0.9224
2026-02-10,FCFS,372,,,0.533
2026-02-10,FCN,217,,,0.3103
2026-02-10,FDS,22,22,22,0.0302
2026-02-10,FDX,667,,,0.9569
2026-02-10,FE,440,,,0.6307
2026-02-10,FER,25,25,25,0.0345
2026-02-10,FFIN,335,,,0.4799
2026-02-10,FFIV,298,,,0.4267
2026-02-10,FHI,420,,,0.602
2026-02-10,FHN,229,,,0.3276
2026-02-10,FICO,29,29,29,0.0402
2026-02-10,FIS,69,,,0.0977
2026-02-10,FISV,226,,,0.3233
2026-02-10,FITB,537,,,0.7701
2026-02-10,FIVE,392,,,0.5618
2026-02-10,FIX,681,,,0.977
2026-02-10,FLEX,211,,,0.3017
2026-02-10,FLR,547,,,0.7845
2026-02-10,FLS,652,,,0.9353
2026-02-10,FN,161,,,0.2299
2026-02-10,FNB,465,,,0.6667
2026-02-10,FND,421,,,0.6034
2026-02-10,FNF,403,,,0.5776
2026-02-10,FOUR,171,,,0.2443
2026-02-10,FOXA,41,,,0.0575
2026-02-10,FR,313,,,0.4483
2026-02-10,FSLR,118,,,0.1681
2026-02-10,FTI,680,,,0.9756
2026-02-10,FTNT,493,,,0.7069
2026-02-10,FTV,490,,,0.7026
2026-02-10,G,60,,,0.0848
2026-02-10,GAP,257,,,0.3678
2026-02-10,GATX,479,,,0.6868
2026-02-10,GBCI,543,,,0.7787
2026-02-10,GDDY,71,,,0.1006
2026-02-10,GE,207,,,0.296
2026-02-10,GEHC,96,,,0.1365
2026-02-10,GEN,254,,,0.3635
2026-02-10,GEV,625,,,0.8966
2026-02-10,GGG,544,,,0.7802
2026-02-10,GHC,111,,,0.158
2026-02-10,GILD,623,,,0.8937
2026-02-10,GIS,434,,,0.6221
2026-02-10,GL,204,,,0.2917
2026-02-10,GLW,696,,,0.9986
2026-02-10,GM,83,,,0.1178
2026-02-10,GMED,175,,,0.25
2026-02-10,GNRC,586,,,0.8405
2026-02-10,GNTX,283,,,0.4052
2026-02-10,GOOG,114,,,0.1624
2026-02-10,GOOGL,122,,,0.1739
2026-02-10,GPC,531,,,0.7615
2026-02-10,GPN,156,,,0.2227
2026-02-10,GRMN,321,,,0.4598
2026-02-10,GS,365,,,0.523
2026-02-10,GTM,18,18,18,0.0244
2026-02-10,GWRE,20,20,20,0.0273
2026-02-10,GWW,597,,,0.8563
2026-02-10,GXO,427,,,0.6121
2026-02-10,HAE,59,,,0.0833
2026-02-10,HAL,507,,,0.727
2026-02-10,HALO,598,,,0.8578
2026-02-10,HAS,676,,,0.9698
2026-02-10,HCA,252,,,0.3606
2026-02-10,HIG,319,,,0.4569
2026-02-10,HII,535,,,0.7672
2026-02-10,HL,11,11,11,0.0144
2026-02-10,HLI,209,,,0.2989
2026-02-10,HLNE,119,,,0.1695
2026-02-10,HLT,566,,,0.8118
2026-02-10,HOMB,347,,,0.4971
2026-02-10,HON,635,,,0.9109
2026-02-10,HOOD,44,,,0.0618
2026-02-10,HPE,409,,,0.5862
2026-02-10,HQY,77,,,0.1092
2026-02-10,HRB,16,16,16,0.0216
2026-02-10,HSIC,496,,,0.7112
2026-02-10,HST,400,,,0.5733
2026-02-10,HSY,27,27,27,0.0374
2026-02-10,HUBB,503,,,0.7213
2026-02-10,HWC,332,,,0.4756
2026-02-10,HWM,511,,,0.7328
2026-02-10,HXL,581,,,0.8333
2026-02-10,IBKR,641,,,0.9195
2026-02-10,IBM,135,,,0.1925
2026-02-10,ICE,187,,,0.2672
2026-02-10,IDA,447,,,0.6408
2026-02-10,IDXX,103,,,0.1466
2026-02-10,IEX,624,,,0.8951
2026-02-10,IFF,603,,,0.8649
2026-02-10,ILMN,30,30,30,0.0417
2026-02-10,INCY,206,,,0.2945
2026-02-10,INGR,410,,,0.5876
2026-02-10,INTU,14,14,14,0.0187
2026-02-10,IQV,91,,,0.1293
2026-02-10,IR,628,,,0.9009
2026-02-10,IRM,627,,,0.8994
2026-02-10,ISRG,76,,,0.1078
2026-02-10,IT,65,,,0.092
2026-02-10,ITW,602,,,0.8635
2026-02-10,IVZ,208,,,0.2974
2026-02-10,J,471,,,0.6753
2026-02-10,JBHT,599,,,0.8592
2026-02-10,JBL,591,,,0.8477
2026-02-10,JCI,653,,,0.9368
2026-02-10,JEF,141,,,0.2011
2026-02-10,JHG,218,,,0.3118
2026-02-10,JKHY,63,,,0.0891
2026-02-10,JLL,368,,,0.5273
2026-02-10,JNJ,552,,,0.7917
2026-02-10,JPM,288,,,0.4124
2026-02-10,KBR,338,,,0.4842
2026-02-10,KDP,343,,,0.4914
2026-02-10,KEY,553,,,0.7931
2026-02-10,KEYS,610,,,0.875
2026-02-10,KHC,376,,,0.5388
2026-02-10,KIM,478,,,0.6853
2026-02-10,KKR,133,,,0.1897
2026-02-10,KLAC,430,,,0.6164
2026-02-10,KMB,406,,,0.5819
2026-02-10,KMI,549,,,0.7874
2026-02-10,KNSL,266,,,0.3807
2026-02-10,KO,386,,,0.5532
2026-02-10,KR,468,,,0.671
2026-02-10,KTOS,423,,,0.6063
2026-02-10,KVUE,459,,,0.658
2026-02-10,LAD,200,,,0.2859
2026-02-10,LAMR,451,,,0.6466
2026-02-10,LDOS,346,,,0.4957
2026-02-10,LEA,542,,,0.7773
2026-02-10,LECO,650,,,0.9325
2026-02-10,LFUS,675,,,0.9684
2026-02-10,LH,513,,,0.7356
2026-02-10,LIN,402,,,0.5761
2026-02-10,LITE,32,,,0.0445
2026-02-10,LIVN,508,,,0.7284
2026-02-10,LLY,58,,,0.0819
2026-02-10,LMT,658,,,0.944
2026-02-10,LNT,361,,,0.5172
2026-02-10,LNTH,412,,,0.5905
2026-02-10,LOPE,279,,,0.3994
2026-02-10,LOW,521,,,0.7471
2026-02-10,LRCX,587,,,0.842
2026-02-10,LSCC,649,,,0.931
2026-02-10,LSTR,484,,,0.694
2026-02-10,LUV,8,8,8,0.0101
2026-02-10,LVS,147,,,0.2098
2026-02-10,M,101,,,0.1437
2026-02-10,MA,134,,,0.1911
2026-02-10,MANH,170,,,0.2428
2026-02-10,MAR,644,,,0.9239
2026-02-10,MAS,647,,,0.9282
2026-02-10,MASI,214,,,0.306
2026-02-10,MAT,240,,,0.3434
2026-02-10,MCD,358,,,0.5129
2026-02-10,MCHP,157,,,0.2241
2026-02-10,MCK,486,,,0.6968
2026-02-10,MCO,50,,,0.0704
2026-02-10,MDLZ,472,,,0.6767
2026-02-10,MDT,300,,,0.4296
2026-02-10,MEDP,12,12,12,0.0158
2026-02-10,MELI,244,,,0.3491
2026-02-10,MET,292,,,0.4181
2026-02-10,META,352,,,0.5043
2026-02-10,MIDD,526,,,0.7543
2026-02-10,MKSI,695,,,0.9971
2026-02-10,MLM,523,,,0.75
2026-02-10,MMM,385,,,0.5517
2026-02-10,MMS,36,,,0.0503
2026-02-10,MNST,297,,,0.4253
2026-02-10,MO,454,,,0.6509
2026-02-10,MORN,31,,,0.0431
2026-02-10,MPWR,541,,,0.7759
2026-02-10,MRSH,110,,,0.1566
2026-02-10,MRVL,322,,,0.4612
2026-02-10,MS,126,,,0.1796
2026-02-10,MSA,615,,,0.8822
2026-02-10,MSCI,62,,,0.0876
2026-02-10,MSFT,51,,,0.0718
2026-02-10,MSI,498,,,0.7141
2026-02-10,MSM,491,,,0.704
2026-02-10,MSTR,2,2,2,0.0014
2026-02-10,MTB,578,,,0.829
2026-02-10,MTD,151,,,0.2155
2026-02-10,MTN,260,,,0.3721
2026-02-10,MTSI,540,,,0.7744
2026-02-10,MTZ,645,,,0.9253
2026-02-10,MU,46,,,0.0647
2026-02-10,MZTI,138,,,0.1968
2026-02-10,NBIX,205,,,0.2931
2026-02-10,NCLH,514,,,0.7371
2026-02-10,NDAQ,48,,,0.0675
2026-02-10,NDSN,639,,,0.9167
2026-02-10,NEE,515,,,0.7385
2026-02-10,NEM,272,,,0.3894
2026-02-10,NFLX,146,,,0.2083
2026-02-10,NI,414,,,0.5934
2026-02-10,NJR,489,,,0.7011
2026-02-10,NLY,216,,,0.3089
2026-02-10,NNN,425,,,0.6092
2026-02-10,NOW,19,19,19,0.0259
2026-02-10,NRG,351,,,0.5029
2026-02-10,NTAP,233,,,0.3333
2026-02-10,NTRS,230,,,0.329
2026-02-10,NUE,608,,,0.8721
2026-02-10,NVDA,285,,,0.408
2026-02-10,NVR,228,,,0.3261
2026-02-10,NVST,692,,,0.9928
2026-02-10,NVT,250,,,0.3578
2026-02-10,NWE,294,,,0.421
2026-02-10,NXPI,350,,,0.5014
2026-02-10,NXST,673,,,0.9655
2026-02-10,NXT,646,,,0.9267
2026-02-10,NYT,236,,,0.3376
2026-02-10,O,476,,,0.6825
2026-02-10,ODFL,611,,,0.8764
2026-02-10,OGE,389,,,0.5575
2026-02-10,OGS,378,,,0.5417
2026-02-10,OHI,198,,,0.283
2026-02-10,OKE,576,,,0.8261
2026-02-10,OKTA,302,,,0.4325
2026-02-10,OLED,590,,,0.8463
2026-02-10,OLLI,190,,,0.2716
2026-02-10,OMC,162,,,0.2313
2026-02-10,ON,662,,,0.9497
2026-02-10,ONB,557,,,0.7989
2026-02-10,ONTO,689,,,0.9885
2026-02-10,ORA,394,,,0.5647
2026-02-10,ORCL,131,,,0.1868
2026-02-10,OTIS,287,,,0.4109
2026-02-10,OZK,466,,,0.6681
2026-02-10,PAG,268,,,0.3836
2026-02-10,PATH,80,,,0.1135
2026-02-10,PAYC,47,,,0.0661
2026-02-10,PAYX,100,,,0.1422
2026-02-10,PB,415,,,0.5948
2026-02-10,PCG,461,,,0.6609
2026-02-10,PCTY,10,10,10,0.0129
2026-02-10,PDD,173,,,0.2471
2026-02-10,PEG,393,,,0.5632
2026-02-10,PEGA,72,,,0.102
2026-02-10,PEN,492,,,0.7055
2026-02-10,PEP,551,,,0.7902
2026-02-10,PFG,327,,,0.4684
2026-02-10,PG,488,,,0.6997
2026-02-10,PGR,182,,,0.2601
2026-02-10,PH,483,,,0.6925
2026-02-10,PII,160,,,0.2284
2026-02-10,PLD,359,,,0.5144
2026-02-10,PLNT,104,,,0.148
2026-02-10,PLTR,5,5,5,0.0057
2026-02-10,PM,532,,,0.7629
2026-02-10,PNC,577,,,0.8276
2026-02-10,PNFP,264,,,0.3779
2026-02-10,PNR,219,,,0.3132
2026-02-10,PNW,429,,,0.6149
2026-02-10,PODD,106,,,0.1509
2026-02-10,POOL,473,,,0.6782
2026-02-10,POR,367,,,0.5259
2026-02-10,PPG,655,,,0.9397
2026-02-10,PPL,339,,,0.4856
2026-02-10,PRI,259,,,0.3707
2026-02-10,PRU,197,,,0.2816
2026-02-10,PSA,442,,,0.6336
2026-02-10,PTC,124,,,0.1767
2026-02-10,PVH,275,,,0.3937
2026-02-10,PWR,629,,,0.9023
2026-02-10,Q,685,,,0.9828
2026-02-10,QLYS,34,,,0.0474
2026-02-10,R,530,,,0.7601
2026-02-10,RBA,561,,,0.8046
2026-02-10,RBC,607,,,0.8707
2026-02-10,RCL,668,,,0.9583
2026-02-10,REG,475,,,0.681
2026-02-10,REGN,242,,,0.3463
2026-02-10,RF,548,,,0.7859
2026-02-10,RGA,495,,,0.7098
2026-02-10,RGEN,116,,,0.1652
2026-02-10,RGLD,656,,,0.9411
2026-02-10,RJF,98,,,0.1394
2026-02-10,RL,105,,,0.1494
2026-02-10,RMBS,601,,,0.8621
2026-02-10,RMD,269,,,0.3851
2026-02-10,RNR,258,,,0.3693
2026-02-10,ROK,237,,,0.3391
2026-02-10,ROL,433,,,0.6207
2026-02-10,ROP,64,,,0.0905
2026-02-10,ROST,324,,,0.4641
2026-02-10,RRX,694,,,0.9957
2026-02-10,RSG,418,,,0.5991
2026-02-10,RTX,306,,,0.4382
2026-02-10,RVTY,278,,,0.398
2026-02-10,RYN,289,,,0.4138
2026-02-10,SAIA,456,,,0.6537
2026-02-10,SAIC,168,,,0.2399
2026-02-10,SAM,651,,,0.9339
2026-02-10,SARO,380,,,0.5445
2026-02-10,SBAC,329,,,0.4713
2026-02-10,SBUX,497,,,0.7126
2026-02-10,SCHW,127,,,0.181
2026-02-10,SCI,315,,,0.4511
2026-02-10,SEIC,107,,,0.1523
2026-02-10,SF,152,,,0.217
2026-02-10,SFM,68,,,0.0963
2026-02-10,SGI,432,,,0.6193
2026-02-10,SHC,223,,,0.319
2026-02-10,SHOP,112,,,0.1595
2026-02-10,SJM,401,,,0.5747
2026-02-10,SLAB,693,,,0.9943
2026-02-10,SLB,634,,,0.9095
2026-02-10,SLGN,605,,,0.8678
2026-02-10,SMCI,446,,,0.6394
2026-02-10,SMG,528,,,0.7572
2026-02-10,SNDK,1,1,1,0.0
2026-02-10,SNPS,164,,,0.2342
2026-02-10,SNX,574,,,0.8233
2026-02-10,SO,331,,,0.4741
2026-02-10,SOLV,326,,,0.467
2026-02-10,SPG,396,,,0.5675
2026-02-10,SPGI,21,21,21,0.0287
2026-02-10,SPXC,529,,,0.7586
2026-02-10,SR,348,,,0.4986
2026-02-10,SRE,263,,,0.3764
2026-02-10,SSB,435,,,0.6236
2026-02-10,ST,450,,,0.6451
2026-02-10,STE,166,,,0.2371
2026-02-10,STLD,640,,,0.9181
2026-02-10,STRL,686,,,0.9842
2026-02-10,STT,296,,,0.4239
2026-02-10,STX,225,,,0.3218
2026-02-10,STZ,567,,,0.8132
2026-02-10,SWKS,143,,,0.204
2026-02-10,SWX,281,,,0.4023
2026-02-10,SYF,169,,,0.2414
2026-02-10,SYK,238,,,0.3405
2026-02-10,SYNA,381,,,0.546
2026-02-10,SYY,609,,,0.8736
2026-02-10,T,518,,,0.7428
2026-02-10,TAP,482,,,0.6911
2026-02-10,TCBI,387,,,0.5546
2026-02-10,TDY,670,,,0.9612
2026-02-10,TEAM,39,,,0.0546
2026-02-10,TECH,274,,,0.3922
2026-02-10,TEL,183,,,0.2615
2026-02-10,TER,687,,,0.9856
2026-02-10,TEX,379,,,0.5431
2026-02-10,TFC,506,,,0.7256
2026-02-10,TGT,499,,,0.7155
2026-02-10,THC,193,,,0.2759
2026-02-10,THG,165,,,0.2356
2026-02-10,THO,334,,,0.4784
2026-02-10,TJX,186,,,0.2658
2026-02-10,TKR,660,,,0.9468
2026-02-10,TLN,87,,,0.1236
2026-02-10,TMO,120,,,0.171
2026-02-10,TMUS,284,,,0.4066
2026-02-10,TNL,395,,,0.5661
2026-02-10,TPR,477,,,0.6839
2026-02-10,TRGP,648,,,0.9296
2026-02-10,TRI,38,,,0.0532
2026-02-10,TRMB,97,,,0.1379
2026-02-10,TROW,251,,,0.3592
2026-02-10,TRU,144,,,0.2055
2026-02-10,TRV,355,,,0.5086
2026-02-10,TSLA,307,,,0.4397
2026-02-10,TSN,419,,,0.6006
2026-02-10,TT,631,,,0.9052
2026-02-10,TTD,54,,,0.0761
2026-02-10,TTEK,638,,,0.9152
2026-02-10,TTMI,142,,,0.2026
2026-02-10,TTWO,6,6,6,0.0072
2026-02-10,TWLO,195,,,0.2787
2026-02-10,TXN,626,,,0.898
2026-02-10,TXNM,255,,,0.3649
2026-02-10,TXRH,295,,,0.4224
2026-02-10,TYL,78,,,0.1106
2026-02-10,UAL,485,,,0.6954
2026-02-10,UBSI,504,,,0.7227
2026-02-10,UDR,500,,,0.717
2026-02-10,UHS,232,,,0.3319
2026-02-10,ULS,145,,,0.2069
2026-02-10,ULTA,413,,,0.592
2026-02-10,UMBF,517,,,0.7414
2026-02-10,UNH,57,,,0.0805
2026-02-10,UNP,570,,,0.8175
2026-02-10,UPS,600,,,0.8606
2026-02-10,URI,299,,,0.4282
2026-02-10,USB,572,,,0.8204
2026-02-10,USFD,621,,,0.8908
2026-02-10,UTHR,201,,,0.2874
2026-02-10,V,180,,,0.2572
2026-02-10,VC,262,,,0.375
2026-02-10,VFC,366,,,0.5244
2026-02-10,VICI,354,,,0.5072
2026-02-10,VLTO,140,,,0.1997
2026-02-10,VLY,595,,,0.8534
2026-02-10,VMC,554,,,0.7945
2026-02-10,VMI,569,,,0.8161
2026-02-10,VNT,593,,,0.8506
2026-02-10,VOYA,448,,,0.6422
2026-02-10,VRSK,24,24,24,0.033
2026-02-10,VRTX,316,,,0.4526
2026-02-10,VST,227,,,0.3247
2026-02-10,VTR,9,9,9,0.0115
2026-02-10,VTRS,688,,,0.9871
2026-02-10,VZ,596,,,0.8549
2026-02-10,WAB,559,,,0.8017
2026-02-10,WAL,555,,,0.796
2026-02-10,WAT,26,26,26,0.0359
2026-02-10,WBS,612,,,0.8779
2026-02-10,WCC,333,,,0.477
2026-02-10,WDAY,23,23,23,0.0316
2026-02-10,WDC,356,,,0.5101
2026-02-10,WEC,383,,,0.5489
2026-02-10,WEX,584,,,0.8376
2026-02-10,WFC,248,,,0.3549
2026-02-10,WH,439,,,0.6293
2026-02-10,WING,245,,,0.3506
2026-02-10,WM,458,,,0.6566
2026-02-10,WMS,452,,,0.648
2026-02-10,WMT,457,,,0.6552
2026-02-10,WPC,436,,,0.625
2026-02-10,WRB,261,,,0.3736
2026-02-10,WSM,534,,,0.7658
2026-02-10,WSO,632,,,0.9066
2026-02-10,WST,150,,,0.2141
2026-02-10,WTFC,416,,,0.5963
2026-02-10,WTRG,212,,,0.3032
2026-02-10,WTS,494,,,0.7083
2026-02-10,WTW,40,,,0.056
2026-02-10,WWD,672,,,0.9641
2026-02-10,XEL,305,,,0.4368
2026-02-10,XPO,683,,,0.9799
2026-02-10,XYL,95,,,0.1351
2026-02-10,XYZ,178,,,0.2543
2026-02-10,YETI,362,,,0.5187
2026-02-10,YUM,286,,,0.4095
2026-02-10,ZBH,337,,,0.4828
2026-02-10,ZBRA,328,,,0.4698
2026-02-10,ZION,487,,,0.6983
2026-02-10,ZS,33,,,0.046
2026-02-10,ZTS,369,,,0.5287
2026-02-11,A,148,,,0.1856
2026-02-11,AA,250,,,0.3288
2026-02-11,AAL,38,,,0.0774
2026-02-11,AAON,641,,,0.9314
2026-02-11,AAPL,260,,,0.3497
2026-02-11,ABBV,189,,,0.2688
2026-02-11,ABNB,147,,,0.1813
2026-02-11,ABT,167,,,0.2116
2026-02-11,ACGL,333,,,0.4507
2026-02-11,ACI,269,,,0.3875
2026-02-11,ACN,83,,,0.1388
2026-02-11,ADBE,55,,,0.0751
2026-02-11,ADC,390,,,0.5761
2026-02-11,ADI,635,,,0.8836
2026-02-11,ADP,75,,,0.103
2026-02-11,ADSK,85,,,0.1216
2026-02-11,AEE,366,,,0.5274
2026-02-11,AEIS,670,,,0.9782
2026-02-11,AEP,403,,,0.5617
2026-02-11,AES,621,,,0.9087
2026-02-11,AFL,336,,,0.4798
2026-02-11,AIG,304,,,0.3746
2026-02-11,AIT,450,,,0.5996
2026-02-11,AIZ,156,,,0.2628
2026-02-11,AJG,44,,,0.0614
2026-02-11,AKAM,406,,,0.6224
2026-02-11,ALGM,678,,,0.9922
2026-02-11,ALGN,648,,,0.956
2026-02-11,ALK,575,,,0.8866
2026-02-11,ALL,186,,,0.2139
2026-02-11,ALLE,500,,,0.7327
2026-02-11,ALLY,244,,,0.3552
2026-02-11,AM,615,,,0.8643
2026-02-11,AMAT,657,,,0.9593
2026-02-11,AMCR,612,,,0.8674
2026-02-11,AMD,98,,,0.1583
2026-02-11,AME,565,,,0.8117
2026-02-11,AMG,349,,,0.4826
2026-02-11,AMGN,411,,,0.6325
2026-02-11,AMP,151,,,0.2429
2026-02-11,AMT,367,,,0.5082
2026-02-11,AMZN,149,,,0.1808
2026-02-11,AN,181,,,0.2578
2026-02-11,ANET,540,,,0.8276
2026-02-11,AON,88,,,0.1225
2026-02-11,AOS,570,,,0.8385
2026-02-11,APD,572,,,0.8213
2026-02-11,APG,530,,,0.7878
2026-02-11,APH,204,,,0.3338
2026-02-11,APO,105,,,0.1817
2026-02-11,APP,56,,,0.1128
2026-02-11,APPF,39,,,0.0633
2026-02-11,APTV,371,,,0.5542
2026-02-11,ARES,130,,,0.1848
2026-02-11,ARMK,514,,,0.6984
2026-02-11,ARW,653,,,0.9661
2026-02-11,ASB,317,,,0.5533
2026-02-11,ASGN,31,,,0.1172
2026-02-11,ASH,276,,,0.408
2026-02-11,ASML,579,,,0.8413
2026-02-11,ATI,614,,,0.8939
2026-02-11,ATO,329,,,0.4414
2026-02-11,ATR,587,,,0.8908
2026-02-11,AVAV,34,,,0.1072
2026-02-11,AVB,340,,,0.4798
2026-02-11,AVGO,188,,,0.2599
2026-02-11,AVNT,661,,,0.9646
2026-02-11,AVT,668,,,0.9828
2026-02-11,AVY,396,,,0.5423
2026-02-11,AWK,203,,,0.276
2026-02-11,AXON,69,,,0.0972
2026-02-11,AXP,198,,,0.3003
2026-02-11,AXTA,442,,,0.6575
2026-02-11,AYI,199,,,0.3121
2026-02-11,AZO,352,,,0.4755
2026-02-11,BAC,236,,,0.3648
2026-02-11,BAH,25,,,0.1234
2026-02-11,BALL,656,,,0.9653
2026-02-11,BAX,562,,,0.801
2026-02-11,BBY,211,,,0.3049
2026-02-11,BC,430,,,0.6424
2026-02-11,BCO,485,,,0.7235
2026-02-11,BDC,631,,,0.9324
2026-02-11,BEN,466,,,0.7447
2026-02-11,BF-B,470,,,0.6885
2026-02-11,BHF,272,,,0.3723
2026-02-11,BIIB,316,,,0.4547
2026-02-11,BILL,22,,,0.3834
2026-02-11,BIO,206,,,0.2924
2026-02-11,BJ,378,,,0.5098
2026-02-11,BK,248,,,0.4702
2026-02-11,BKH,292,,,0.3905
2026-02-11,BKNG,79,,,0.0939
2026-02-11,BLK,264,,,0.3779
2026-02-11,BLKB,59,,,0.0665
2026-02-11,BMRN,507,,,0.7141
2026-02-11,BMY,386,,,0.6479
2026-02-11,BR,19,18,17,0.025
2026-02-11,BRK-B,263,,,0.3673
2026-02-11,BROS,144,,,0.2316
2026-02-11,BRX,473,,,0.7354
2026-02-11,BSX,51,,,0.0647
2026-02-11,BSY,126,,,0.1876
2026-02-11,BURL,356,,,0.5083
2026-02-11,BWA,683,,,0.9615
2026-02-11,BWXT,345,,,0.5348
2026-02-11,BX,155,,,0.2361
2026-02-11,BXP,146,,,0.2534
2026-02-11,C,258,,,0.4836
2026-02-11,CACI,139,,,0.3634
2026-02-11,CAG,580,,,0.8105
2026-02-11,CAH,265,,,0.3461
2026-02-11,CART,71,,,0.1012
2026-02-11,CASY,433,,,0.6674
2026-02-11,CAT,665,,,0.9727
2026-02-11,CAVA,508,,,0.8018
2026-02-11,CB,370,,,0.5045
2026-02-11,CBOE,131,,,0.1885
2026-02-11,CBRE,112,,,0.3333
2026-02-11,CBSH,318,,,0.4789
2026-02-11,CCEP,459,,,0.6311
2026-02-11,CCK,465,,,0.6691
2026-02-11,CCL,467,,,0.733
2026-02-11,CDW,208,,,0.3654
2026-02-11,CELH,127,,,0.212
2026-02-11,CFG,539,,,0.8141
2026-02-11,CFR,424,,,0.6618
2026-02-11,CG,128,,,0.2439
2026-02-11,CGNX,553,,,0.8379
2026-02-11,CHD,549,,,0.7827
2026-02-11,CHDN,99,,,0.1351
2026-02-11,CHE,422,,,0.5428
2026-02-11,CHH,476,,,0.7173
2026-02-11,CHRW,589,,,0.8639
2026-02-11,CHTR,590,,,0.9032
2026-02-11,CHWY,45,,,0.0703
2026-02-11,CI,469,,,0.6341
2026-02-11,CIEN,660,,,0.9711
2026-02-11,CINF,238,,,0.351
2026-02-11,CL,601,,,0.8566
2026-02-11,CLX,639,,,0.913
2026-02-11,CMC,164,,,0.2308
2026-02-11,CME,427,,,0.6874
2026-02-11,CMI,567,,,0.8319
2026-02-11,CMS,377,,,0.513
2026-02-11,CNC,240,,,0.2804
2026-02-11,CNM,401,,,0.6071
2026-02-11,CNO,246,,,0.3719
2026-02-11,CNP,437,,,0.6267
2026-02-11,CNX,209,,,0.2715
2026-02-11,CNXC,125,,,0.3327
2026-02-11,COF,165,,,0.2518
2026-02-11,COHR,475,,,0.7975
2026-02-11,COLB,452,,,0.6951
2026-02-11,COLM,74,,,0.0987
2026-02-11,COO,330,,,0.4509
2026-02-11,COR,350,,,0.4858
2026-02-11,COST,355,,,0.504
2026-02-11,CPAY,287,,,0.5436
2026-02-11,CPB,431,,,0.6294
2026-02-11,CPRI,18,15,14,0.0219
2026-02-11,CR,309,,,0.448
2026-02-11,CRBG,305,,,0.4876
2026-02-11,CRH,398,,,0.6039
2026-02-11,CRL,61,,,0.1108
2026-02-11,CRM,48,,,0.0707
2026-02-11,CROX,252,,,0.349
2026-02-11,CRS,428,,,0.59
2026-02-11,CRUS,119,,,0.1653
2026-02-11,CRWD,140,,,0.1844
2026-02-11,CSCO,534,,,0.7965
2026-02-11,CSGP,78,,,0.1143
2026-02-11,CSL,649,,,0.9494
2026-02-11,CSX,541,,,0.7837
2026-02-11,CTAS,382,,,0.5438
2026-02-11,CTSH,72,,,0.1107
2026-02-11,CUBE,384,,,0.553
2026-02-11,CVLT,8,7,5,0.0096
2026-02-11,CVNA,27,,,0.0648
2026-02-11,CVS,225,,,0.2816
2026-02-11,CW,393,,,0.6328
2026-02-11,D,495,,,0.7001
2026-02-11,DAL,299,,,0.5754
2026-02-11,DASH,120,,,0.1737
2026-02-11,DAY,280,,,0.3903
2026-02-11,DBX,135,,,0.1932
2026-02-11,DCI,609,,,0.8889
2026-02-11,DD,645,,,0.9143
2026-02-11,DECK,533,,,0.8025
2026-02-11,DELL,270,,,0.4487
2026-02-11,DG,420,,,0.5962
2026-02-11,DGX,599,,,0.8583
2026-02-11,DHR,226,,,0.3031
2026-02-11,DIS,210,,,0.3247
2026-02-11,DLB,482,,,0.6686
2026-02-11,DLTR,215,,,0.2762
2026-02-11,DOCU,21,22,22,0.0371
2026-02-11,DOV,618,,,0.898
2026-02-11,DPZ,162,,,0.221
2026-02-11,DRI,461,,,0.6489
2026-02-11,DT,106,,,0.1234
2026-02-11,DTE,446,,,0.6041
2026-02-11,DTM,529,,,0.7605
2026-02-11,DUK,425,,,0.5701
2026-02-11,DVA,620,,,0.7049
2026-02-11,DXCM,300,,,0.4176
2026-02-11,DY,652,,,0.9296
2026-02-11,EBAY,182,,,0.2983
2026-02-11,ECL,578,,,0.8312
2026-02-11,ED,510,,,0.7018
2026-02-11,EEFT,171,,,0.3473
2026-02-11,EFX,180,,,0.2736
2026-02-11,EG,353,,,0.5051
2026-02-11,EGP,328,,,0.5026
2026-02-11,EHC,489,,,0.6535
2026-02-11,EIX,577,,,0.8125
2026-02-11,EL,166,,,0.1877
2026-02-11,ELAN,538,,,0.7937
2026-02-11,ELF,33,21,21,0.0362
2026-02-11,ELS,439,,,0.6359
2026-02-11,ELV,217,,,0.2831
2026-02-11,EME,659,,,0.9599
2026-02-11,EMR,436,,,0.7482
2026-02-11,ENS,569,,,0.8371
2026-02-11,ENSG,613,,,0.8309
2026-02-11,ENTG,679,,,0.9965
2026-02-11,EPAM,90,,,0.2013
2026-02-11,EPR,513,,,0.7527
2026-02-11,EQIX,372,,,0.5597
2026-02-11,ERIE,239,,,0.3186
2026-02-11,ES,365,,,0.4938
2026-02-11,ESNT,392,,,0.5331
2026-02-11,ESS,342,,,0.5316
2026-02-11,ETN,632,,,0.8948
2026-02-11,ETR,457,,,0.665
2026-02-11,EVR,87,,,0.1607
2026-02-11,EVRG,455,,,0.6385
2026-02-11,EW,154,,,0.1846
2026-02-11,EWBC,348,,,0.565
2026-02-11,EXC,295,,,0.4328
2026-02-11,EXEL,220,,,0.2662
2026-02-11,EXLS,36,,,0.0549
2026-02-11,EXPD,294,,,0.4256
2026-02-11,EXPE,73,,,0.1047
2026-02-11,EXR,387,,,0.5586
2026-02-11,F,232,,,0.2555
2026-02-11,FAF,274,,,0.454
2026-02-11,FAST,493,,,0.7007
2026-02-11,FBIN,581,,,0.8792
2026-02-11,FCFS,347,,,0.5176
2026-02-11,FCN,102,,,0.213
2026-02-11,FDS,15,17,16,0.0244
2026-02-11,FDX,642,,,0.9467
2026-02-11,FE,449,,,0.6464
2026-02-11,FER,41,26,26,0.049
2026-02-11,FFIN,311,,,0.4647
2026-02-11,FFIV,302,,,0.4355
2026-02-11,FHI,361,,,0.5575
2026-02-11,FHN,194,,,0.3008
2026-02-11,FICO,29,24,23,0.0407
2026-02-11,FIS,77,,,0.1059
2026-02-11,FISV,235,,,0.3352
2026-02-11,FITB,494,,,0.7418
2026-02-11,FIVE,310,,,0.4966
2026-02-11,FIX,671,,,0.9802
2026-02-11,FLEX,218,,,0.3116
2026-02-11,FLR,462,,,0.7194
2026-02-11,FLS,576,,,0.88
2026-02-11,FN,110,,,0.1878
2026-02-11,FNB,374,,,0.5948
2026-02-11,FND,291,,,0.4965
2026-02-11,FNF,397,,,0.5794
2026-02-11,FOUR,177,,,0.2525
2026-02-11,FOXA,37,,,0.0547
2026-02-11,FR,285,,,0.4292
2026-02-11,FSLR,234,,,0.2722
2026-02-11,FTI,663,,,0.9726
2026-02-11,FTNT,555,,,0.7701
2026-02-11,FTV,249,,,0.4992
2026-02-11,G,26,,,0.0559
2026-02-11,GAP,257,,,0.3723
2026-02-11,GATX,460,,,0.6785
2026-02-11,GBCI,503,,,0.7531
2026-02-11,GDDY,65,,,0.0965
2026-02-11,GE,201,,,0.2943
2026-02-11,GEHC,150,,,0.1857
2026-02-11,GEN,168,,,0.2923
2026-02-11,GEV,654,,,0.9331
2026-02-11,GGG,544,,,0.7898
2026-02-11,GHC,143,,,0.1881
2026-02-11,GILD,655,,,0.9328
2026-02-11,GIS,448,,,0.6421
2026-02-11,GL,273,,,0.356
2026-02-11,GLW,681,,,0.9977
2026-02-11,GM,116,,,0.1483
2026-02-11,GMED,192,,,0.268
2026-02-11,GNRC,674,,,0.9283
2026-02-11,GNTX,383,,,0.4981
2026-02-11,GOOG,132,,,0.1802
2026-02-11,GOOGL,138,,,0.1901
2026-02-11,GPC,552,,,0.7893
2026-02-11,GPN,160,,,0.229
2026-02-11,GRMN,301,,,0.4478
2026-02-11,GS,283,,,0.4573
2026-02-11,GTM,14,14,13,0.0212
2026-02-11,GWRE,20,20,19,0.0276
2026-02-11,GWW,603,,,0.8721
2026-02-11,GXO,630,,,0.7982
2026-02-11,HAE,104,,,0.1239
2026-02-11,HAL,560,,,0.7826
2026-02-11,HALO,535,,,0.8129
2026-02-11,HAS,667,,,0.9739
2026-02-11,HCA,546,,,0.6237
2026-02-11,HIG,351,,,0.4907
2026-02-11,HII,400,,,0.6579
2026-02-11,HL,6,6,6,0.0101
2026-02-11,HLI,195,,,0.2902
2026-02-11,HLNE,92,,,0.1479
2026-02-11,HLT,557,,,0.8139
2026-02-11,HOMB,275,,,0.4399
2026-02-11,HON,607,,,0.8975
2026-02-11,HPE,337,,,0.5301
2026-02-11,HQY,86,,,0.1185
2026-02-11,HRB,10,12,11,0.0165
2026-02-11,HRL,242,,,0.652
2026-02-11,HSIC,483,,,0.7085
2026-02-11,HST,412,,,0.5909
2026-02-11,HSY,23,23,20,0.0343
2026-02-11,HUBB,558,,,0.7785
2026-02-11,HUM,32,28,,0.4673
2026-02-11,HWC,289,,,0.4436
2026-02-11,HWM,524,,,0.7532
2026-02-11,HXL,573,,,0.8366
2026-02-11,IBKR,520,,,0.8244
2026-02-11,IBM,66,,,0.1342
2026-02-11,ICE,84,,,0.1799
2026-02-11,IDA,453,,,0.654
2026-02-11,IDXX,157,,,0.1959
2026-02-11,IEX,588,,,0.8745
2026-02-11,ILMN,76,,,0.0826
2026-02-11,INGR,416,,,0.6002
2026-02-11,INTU,12,13,12,0.0171
2026-02-11,IQV,107,,,0.145
2026-02-11,IR,584,,,0.8732
2026-02-11,IRM,591,,,0.8788
2026-02-11,ISRG,109,,,0.1381
2026-02-11,IT,94,,,0.1186
2026-02-11,ITW,606,,,0.8777
2026-02-11,IVZ,153,,,0.2527
2026-02-11,J,216,,,0.4593
2026-02-11,JBHT,596,,,0.8671
2026-02-11,JBL,519,,,0.7948
2026-02-11,JCI,643,,,0.9395
2026-02-11,JEF,82,,,0.1517
2026-02-11,JHG,254,,,0.3473
2026-02-11,JKHY,70,,,0.0963
2026-02-11,JLL,93,,,0.2919
2026-02-11,JNJ,550,,,0.7997
2026-02-11,JPM,224,,,0.3611
2026-02-11,KBR,193,,,0.3626
2026-02-11,KDP,484,,,0.6215
2026-02-11,KEY,451,,,0.7131
2026-02-11,KEYS,602,,,0.8787
2026-02-11,KIM,441,,,0.6612
2026-02-11,KKR,137,,,0.1955
2026-02-11,KLAC,444,,,0.6363
2026-02-11,KMB,471,,,0.6462
2026-02-11,KMI,566,,,0.812
2026-02-11,KNSL,303,,,0.418
2026-02-11,KO,478,,,0.6409
2026-02-11,KR,477,,,0.6872
2026-02-11,KTOS,133,,,0.3587
2026-02-11,KVUE,491,,,0.6943
2026-02-11,LAMR,335,,,0.5525
2026-02-11,LDOS,121,,,0.3038
2026-02-11,LEA,506,,,0.7552
2026-02-11,LECO,583,,,0.885
2026-02-11,LFUS,662,,,0.9689
2026-02-11,LH,548,,,0.7755
2026-02-11,LIN,523,,,0.6897
2026-02-11,LITE,124,,,0.126
2026-02-11,LIVN,481,,,0.7137
2026-02-11,LLY,58,,,0.0829
2026-02-11,LMT,624,,,0.9257
2026-02-11,LNT,381,,,0.5412
2026-02-11,LNTH,468,,,0.6471
2026-02-11,LOPE,176,,,0.3137
2026-02-11,LOW,537,,,0.7704
2026-02-11,LRCX,629,,,0.8893
2026-02-11,LSCC,677,,,0.9671
2026-02-11,LSTR,488,,,0.706
2026-02-11,LUV,13,10,10,0.0146
2026-02-11,LVS,200,,,0.259
2026-02-11,M,191,,,0.2246
2026-02-11,MA,175,,,0.2295
2026-02-11,MANH,134,,,0.2141
2026-02-11,MAR,619,,,0.9132
2026-02-11,MAS,605,,,0.9026
2026-02-11,MASI,207,,,0.3036
2026-02-11,MCD,315,,,0.4814
2026-02-11,MCHP,545,,,0.5682
2026-02-11,MCK,561,,,0.7714
2026-02-11,MCO,64,,,0.0836
2026-02-11,MDLZ,521,,,0.7282
2026-02-11,MDT,284,,,0.4208
2026-02-11,MEDP,7,8,7,0.0116
2026-02-11,MELI,279,,,0.3842
2026-02-11,MET,308,,,0.4373
2026-02-11,META,408,,,0.5598
2026-02-11,MIDD,532,,,0.7689
2026-02-11,MKSI,680,,,0.9962
2026-02-11,MLM,312,,,0.5736
2026-02-11,MMM,314,,,0.4961
2026-02-11,MMS,35,30,27,0.05
2026-02-11,MNST,338,,,0.4666
2026-02-11,MO,516,,,0.7134
2026-02-11,MORN,30,25,24,0.0428
2026-02-11,MPWR,611,,,0.847
2026-02-11,MRSH,145,,,0.1893
2026-02-11,MRVL,259,,,0.4115
2026-02-11,MS,159,,,0.2108
2026-02-11,MSA,600,,,0.8799
2026-02-11,MSCI,89,,,0.1125
2026-02-11,MSFT,52,,,0.0736
2026-02-11,MSI,505,,,0.729
2026-02-11,MSM,496,,,0.7171
2026-02-11,MSTR,2,2,2,0.0015
2026-02-11,MTB,547,,,0.812
2026-02-11,MTD,197,,,0.2586
2026-02-11,MTN,233,,,0.353
2026-02-11,MTSI,598,,,0.835
2026-02-11,MTZ,628,,,0.9217
2026-02-11,MU,278,,,0.2696
2026-02-11,MZTI,184,,,0.2397
2026-02-11,NCLH,368,,,0.6177
2026-02-11,NDAQ,60,,,0.0789
2026-02-11,NDSN,610,,,0.9024
2026-02-11,NEE,528,,,0.759
2026-02-11,NEM,360,,,0.4716
2026-02-11,NFLX,158,,,0.2215
2026-02-11,NI,405,,,0.5928
2026-02-11,NJR,531,,,0.7467
2026-02-11,NLY,266,,,0.3567
2026-02-11,NNN,404,,,0.5982
2026-02-11,NOW,16,16,15,0.0235
2026-02-11,NRG,391,,,0.5443
2026-02-11,NTAP,241,,,0.3445
2026-02-11,NTRS,190,,,0.2979
2026-02-11,NUE,594,,,0.8706
2026-02-11,NVDA,253,,,0.3849
2026-02-11,NVR,277,,,0.3733
2026-02-11,NVST,658,,,0.9751
2026-02-11,NVT,344,,,0.4449
2026-02-11,NWE,331,,,0.4587
2026-02-11,NWS,81,,,0.5104
2026-02-11,NWSA,67,,,0.4981
2026-02-11,NXPI,563,,,0.695
2026-02-11,NXST,625,,,0.9352
2026-02-11,NXT,650,,,0.9417
2026-02-11,NYT,323,,,0.4183
2026-02-11,O,499,,,0.7111
2026-02-11,ODFL,604,,,0.8811
2026-02-11,OGE,410,,,0.5828
2026-02-11,OGS,414,,,0.58
2026-02-11,OHI,364,,,0.4326
2026-02-11,OKE,586,,,0.8451
2026-02-11,OKTA,261,,,0.4017
2026-02-11,OLED,595,,,0.8611
2026-02-11,OLLI,212,,,0.2943
2026-02-11,OMC,103,,,0.1823
2026-02-11,ON,664,,,0.9632
2026-02-11,ONB,443,,,0.7084
2026-02-11,ONTO,666,,,0.9804
2026-02-11,ORA,385,,,0.5637
2026-02-11,ORCL,136,,,0.1935
2026-02-11,OTIS,298,,,0.4257
2026-02-11,OZK,343,,,0.5681
2026-02-11,PATH,24,,,0.0656
2026-02-11,PAYC,28,29,28,0.0502
2026-02-11,PAYX,91,,,0.1361
2026-02-11,PB,402,,,0.5907
2026-02-11,PCG,526,,,0.7262
2026-02-11,PCTY,11,11,9,0.014
2026-02-11,PDD,202,,,0.2757
2026-02-11,PEG,429,,,0.6018
2026-02-11,PEGA,4,5,25,0.0434
2026-02-11,PEN,454,,,0.6807
2026-02-11,PEP,551,,,0.8
2026-02-11,PFG,267,,,0.4214
2026-02-11,PG,509,,,0.7268
2026-02-11,PGR,306,,,0.3724
2026-02-11,PH,492,,,0.709
2026-02-11,PII,152,,,0.2242
2026-02-11,PLD,327,,,0.4926
2026-02-11,PLNT,122,,,0.1656
2026-02-11,PLTR,3,3,3,0.0041
2026-02-11,PM,556,,,0.7934
2026-02-11,PNC,498,,,0.7683
2026-02-11,PNFP,228,,,0.3509
2026-02-11,PNR,262,,,0.3549
2026-02-11,PNW,474,,,0.6621
2026-02-11,PODD,142,,,0.1844
2026-02-11,POOL,480,,,0.6927
2026-02-11,POR,419,,,0.5781
2026-02-11,PPG,651,,,0.9477
2026-02-11,PPL,321,,,0.4758
2026-02-11,PRI,163,,,0.2908
2026-02-11,PRU,251,,,0.3326
2026-02-11,PSA,423,,,0.6247
2026-02-11,PSN,113,,,0.5385
2026-02-11,PTC,100,,,0.1578
2026-02-11,PVH,268,,,0.3924
2026-02-11,PWR,627,,,0.9117
2026-02-11,Q,673,,,0.9843
2026-02-11,QLYS,80,,,0.0885
2026-02-11,R,568,,,0.8028
2026-02-11,RBA,354,,,0.6324
2026-02-11,RBC,574,,,0.8524
2026-02-11,RCL,582,,,0.8945
2026-02-11,REG,463,,,0.6789
2026-02-11,REGN,324,,,0.4227
2026-02-11,RF,536,,,0.785
2026-02-11,RGA,426,,,0.6578
2026-02-11,RGEN,129,,,0.1787
2026-02-11,RGLD,623,,,0.9237
2026-02-11,RJF,123,,,0.1631
2026-02-11,RL,169,,,0.2076
2026-02-11,RMBS,196,,,0.5164
2026-02-11,RMD,229,,,0.3546
2026-02-11,RNR,447,,,0.5401
2026-02-11,ROK,219,,,0.3274
2026-02-11,ROL,456,,,0.6486
2026-02-11,ROP,62,,,0.0899
2026-02-11,ROST,346,,,0.4892
2026-02-11,RRX,675,,,0.9912
2026-02-11,RSG,464,,,0.647
2026-02-11,RTX,307,,,0.4445
2026-02-11,RVTY,187,,,0.3228
2026-02-11,SAIA,511,,,0.7102
2026-02-11,SAIC,57,,,0.1452
2026-02-11,SAM,633,,,0.9296
2026-02-11,SARO,282,,,0.465
2026-02-11,SBAC,357,,,0.5017
2026-02-11,SBUX,512,,,0.7346
2026-02-11,SCHW,97,,,0.1569
2026-02-11,SCI,380,,,0.5139
2026-02-11,SEIC,108,,,0.1551
2026-02-11,SF,172,,,0.2372
2026-02-11,SFM,101,,,0.1265
2026-02-11,SGI,409,,,0.6066
2026-02-11,SHC,237,,,0.3352
2026-02-11,SHOP,96,,,0.1474
2026-02-11,SJM,438,,,0.6143
2026-02-11,SLAB,676,,,0.9915
2026-02-11,SLB,638,,,0.9242
2026-02-11,SLGN,592,,,0.8671
2026-02-11,SMCI,170,,,0.4044
2026-02-11,SMG,501,,,0.7428
2026-02-11,SNDK,1,1,1,0.0
2026-02-11,SNPS,183,,,0.2538
2026-02-11,SNX,527,,,0.7921
2026-02-11,SO,362,,,0.5073
2026-02-11,SOLV,373,,,0.5141
2026-02-11,SPG,369,,,0.5508
2026-02-11,SPGI,54,27,,0.0581
2026-02-11,SPXC,543,,,0.7803
2026-02-11,SR,388,,,0.5399
2026-02-11,SRE,320,,,0.4312
2026-02-11,SSB,325,,,0.5345
2026-02-11,ST,525,,,0.719
2026-02-11,STE,173,,,0.2461
2026-02-11,STLD,636,,,0.9259
2026-02-11,STRL,669,,,0.9814
2026-02-11,STT,255,,,0.393
2026-02-11,STX,375,,,0.4578
2026-02-11,STZ,517,,,0.7792
2026-02-11,SWKS,205,,,0.2611
2026-02-11,SWX,339,,,0.4583
2026-02-11,SYF,179,,,0.2531
2026-02-11,SYK,296,,,0.3957
2026-02-11,SYNA,518,,,0.6732
2026-02-11,SYY,593,,,0.8702
2026-02-11,T,616,,,0.8382
2026-02-11,TAP,522,,,0.7348
2026-02-11,TCBI,326,,,0.5078
2026-02-11,TDG,231,,,0.6423
2026-02-11,TDY,646,,,0.9519
2026-02-11,TEAM,46,,,0.0614
2026-02-11,TECH,223,,,0.3522
2026-02-11,TEL,221,,,0.2981
2026-02-11,TER,682,,,0.9934
2026-02-11,TFC,417,,,0.6562
2026-02-11,TGT,490,,,0.7164
2026-02-11,THC,622,,,0.6567
2026-02-11,THG,185,,,0.2561
2026-02-11,THO,399,,,0.5415
2026-02-11,TJX,213,,,0.2928
2026-02-11,TKR,634,,,0.9356
2026-02-11,TLN,114,,,0.1488
2026-02-11,TMO,118,,,0.1713
2026-02-11,TNL,297,,,0.4868
2026-02-11,TPR,418,,,0.6404
2026-02-11,TREX,559,,,0.9309
2026-02-11,TRGP,644,,,0.9375
2026-02-11,TRI,47,,,0.0617
2026-02-11,TRMB,49,,,0.0974
2026-02-11,TROW,214,,,0.3311
2026-02-11,TRU,111,,,0.179
2026-02-11,TRV,363,,,0.5219
2026-02-11,TSN,376,,,0.5701
2026-02-11,TT,637,,,0.9216
2026-02-11,TTD,53,,,0.0762
2026-02-11,TTEK,435,,,0.7479
2026-02-11,TTMI,63,,,0.1356
2026-02-11,TTWO,5,4,4,0.0064
2026-02-11,TWLO,117,,,0.2135
2026-02-11,TXN,647,,,0.9275
2026-02-11,TXNM,290,,,0.4002
2026-02-11,TXRH,293,,,0.4259
2026-02-11,TYL,40,,,0.0786
2026-02-11,UAL,286,,,0.5289
2026-02-11,UBSI,415,,,0.6533
2026-02-11,UHS,542,,,0.6087
2026-02-11,ULS,178,,,0.2385
2026-02-11,ULTA,421,,,0.6063
2026-02-11,UMBF,445,,,0.6872
2026-02-11,UNH,95,,,0.1149
2026-02-11,UNP,585,,,0.8408
2026-02-11,UPS,608,,,0.8783
2026-02-11,URI,271,,,0.4088
2026-02-11,USB,458,,,0.7302
2026-02-11,USFD,554,,,0.8428
2026-02-11,UTHR,247,,,0.3314
2026-02-11,V,227,,,0.3017
2026-02-11,VC,334,,,0.443
2026-02-11,VFC,359,,,0.5247
2026-02-11,VICI,341,,,0.502
2026-02-11,VLTO,230,,,0.2814
2026-02-11,VLY,515,,,0.7936
2026-02-11,VMC,434,,,0.6988
2026-02-11,VMI,571,,,0.8279
2026-02-11,VNT,413,,,0.7027
2026-02-11,VOYA,313,,,0.5314
2026-02-11,VRSK,68,,,0.0722
2026-02-11,VRTX,281,,,0.4274
2026-02-11,VST,243,,,0.3428
2026-02-11,VTR,9,9,8,0.0116
2026-02-11,VTRS,672,,,0.9852
2026-02-11,VZ,640,,,0.9041
2026-02-11,WAB,597,,,0.845
2026-02-11,WAL,502,,,0.7592
2026-02-11,WAT,43,,29,0.0513
2026-02-11,WBS,564,,,0.8465
2026-02-11,WDAY,17,19,18,0.0267
2026-02-11,WDC,487,,,0.6316
2026-02-11,WEC,407,,,0.5767
2026-02-11,WEX,504,,,0.7776
2026-02-11,WFC,222,,,0.3364
2026-02-11,WH,395,,,0.5984
2026-02-11,WING,174,,,0.2924
2026-02-11,WM,486,,,0.6893
2026-02-11,WMS,322,,,0.5416
2026-02-11,WMT,479,,,0.6826
2026-02-11,WPC,440,,,0.6362
2026-02-11,WRB,358,,,0.4635
2026-02-11,WSM,432,,,0.6855
2026-02-11,WSO,617,,,0.9046
2026-02-11,WST,161,,,0.2264
2026-02-11,WTFC,319,,,0.5183
2026-02-11,WTRG,245,,,0.3359
2026-02-11,WTS,472,,,0.6977
2026-02-11,WTW,50,,,0.0655
2026-02-11,WWD,626,,,0.9355
2026-02-11,XEL,332,,,0.4659
2026-02-11,XYL,115,,,0.1543
2026-02-11,XYZ,141,,,0.2249
2026-02-11,YETI,394,,,0.5532
2026-02-11,YUM,288,,,0.4163
2026-02-11,ZBH,497,,,0.6295
2026-02-11,ZBRA,256,,,0.4123
2026-02-11,ZION,379,,,0.6119
2026-02-11,ZS,42,,30,0.0545
2026-02-11,ZTS,389,,,0.5528
2026-02-12,AEIS,21,22,22,0.9239
2026-02-12,APH,5,4,4,0.2538
2026-02-12,ARW,17,19,19,0.8309
2026-02-12,AVT,22,23,23,0.9479
2026-02-12,CIEN,18,20,20,0.8551
2026-02-12,COHR,4,9,9,0.464
2026-02-12,DY,12,14,14,0.7039
2026-02-12,FHN,3,3,3,0.1939
2026-02-12,FIVE,8,7,7,0.4005
2026-02-12,LITE,23,12,12,0.5413
2026-02-12,LRCX,13,13,15,0.7055
2026-02-12,LSCC,19,21,21,0.8749
2026-02-12,MCHP,11,10,10,0.5015
2026-02-12,MTSI,16,17,16,0.7436
2026-02-12,MU,9,6,6,0.3087
2026-02-12,NVDA,6,5,5,0.3012
2026-02-12,NVST,15,18,18,0.7919
2026-02-12,SNDK,1,1,1,0.0
2026-02-12,STX,20,16,13,0.6419
2026-02-12,TER,24,24,24,0.9967
2026-02-12,THO,7,8,8,0.4012
2026-02-12,TPR,10,11,11,0.5159
2026-02-12,TTMI,2,2,2,0.0895
2026-02-12,WWD,14,15,17,0.7504
2026-02-17,AEIS,25,24,25,0.9017
2026-02-17,APH,3,4,3,0.1157
2026-02-17,ARW,22,22,19,0.7629
2026-02-17,AVT,24,25,24,0.896
2026-02-17,CIEN,21,21,18,0.7572
2026-02-17,COHR,10,8,6,0.2599
2026-02-17,DY,9,13,9,0.3759
2026-02-17,ELF,15,3,20,0.7631
2026-02-17,FIVE,12,9,8,0.3756
2026-02-17,HAS,17,20,22,0.8092
2026-02-17,IPGP,27,27,27,1.04
2026-02-17,LITE,20,18,23,0.8211
2026-02-17,LRCX,14,15,13,0.5087
2026-02-17,LSCC,11,19,14,0.5438
2026-02-17,MCHP,8,11,7,0.3355
2026-02-17,MTSI,23,23,21,0.7686
2026-02-17,MU,13,10,11,0.4161
2026-02-17,NVDA,4,6,4,0.1562
2026-02-17,NVST,7,12,10,0.3819
2026-02-17,RL,6,5,15,0.5554
2026-02-17,SNDK,1,1,1,0.0
2026-02-17,STX,18,17,17,0.7227
2026-02-17,TER,26,26,26,0.9769
2026-02-17,THO,5,7,5,0.1967
2026-02-17,TPR,16,14,12,0.5027
2026-02-17,TTMI,2,2,2,0.0405
2026-02-17,WWD,19,16,16,0.6415
2026-02-18,ADI,20,19,24,0.8331
2026-02-18,AEIS,28,27,27,0.9279
2026-02-18,ANET,7,7,19,0.5641
2026-02-18,APH,2,3,2,0.0515
2026-02-18,ARW,21,22,22,0.7369
2026-02-18,AVT,26,26,26,0.8711
2026-02-18,CIEN,24,24,23,0.7836
2026-02-18,COHR,17,13,13,0.4695
2026-02-18,DY,9,9,7,0.2886
2026-02-18,ELF,16,8,15,0.5257
2026-02-18,FIVE,13,12,11,0.4175
2026-02-18,HAS,15,20,16,0.5358
2026-02-18,IPGP,30,30,30,1.0
2026-02-18,LITE,8,17,12,0.4371
2026-02-18,LRCX,18,18,17,0.5517
2026-02-18,LSCC,12,16,10,0.3814
2026-02-18,MCHP,10,10,8,0.2939
2026-02-18,MKSI,27,28,29,0.9779
2026-02-18,MTSI,25,25,25,0.835
2026-02-18,MU,19,15,18,0.557
2026-02-18,NVDA,4,4,4,0.1082
2026-02-18,NVST,11,11,9,0.2992
2026-02-18,RL,6,5,6,0.1804
2026-02-18,SNDK,1,1,1,0.0
2026-02-18,STX,22,23,20,0.696
2026-02-18,TER,29,29,28,0.9639
2026-02-18,THO,5,6,5,0.1443
2026-02-18,TPR,14,14,14,0.4997
2026-02-18,TTMI,3,2,3,0.0568
2026-02-18,WWD,23,21,21,0.7321
2026-02-19,ADI,8,11,13,0.5687
2026-02-19,AEIS,21,23,23,0.8987
2026-02-19,APH,4,4,2,0.0909
2026-02-19,CIEN,22,21,21,0.8483
2026-02-19,COHR,20,17,17,0.6478
2026-02-19,DY,10,8,6,0.3399
2026-02-19,HAS,15,16,15,0.5723
2026-02-19,LITE,23,19,18,0.6968
2026-02-19,LLY,2,2,14,0.5717
2026-02-19,LRCX,12,13,10,0.515
2026-02-19,MCHP,6,7,5,0.2556
2026-02-19,MKSI,18,22,22,0.8585
2026-02-19,MS,3,3,16,0.5935
2026-02-19,MTSI,17,20,20,0.7653
2026-02-19,MU,14,15,12,0.5611
2026-02-19,NVDA,7,6,4,0.1845
2026-02-19,NVST,13,10,8,0.4105
2026-02-19,RL,5,5,3,0.1771
2026-02-19,SNDK,1,1,1,0.0
2026-02-19,STX,9,14,11,0.5219
2026-02-19,TER,24,24,24,0.982
2026-02-19,TPR,11,12,9,0.4673
2026-02-19,TTMI,16,9,7,0.3545
2026-02-19,WWD,19,18,19,0.7574
2026-02-20,ADI,8,10,9,0.3623
2026-02-20,AEIS,21,24,24,0.8471
2026-02-20,APH,3,3,2,0.086
2026-02-20,CIEN,22,23,25,0.8525
2026-02-20,COHR,24,22,22,0.8182
2026-02-20,DY,11,11,10,0.3726
2026-02-20,FHN,9,8,18,0.71
2026-02-20,FIX,13,18,21,0.79
2026-02-20,HAS,12,14,12,0.4992
2026-02-20,LITE,26,25,23,0.8352
2026-02-20,LLY,2,2,5,0.253
2026-02-20,LRCX,15,15,13,0.5407
2026-02-20,MCHP,7,6,4,0.2473
2026-02-20,MKSI,20,20,20,0.781
2026-02-20,MS,4,4,7,0.3061
2026-02-20,MTSI,19,19,19,0.7342
2026-02-20,MU,16,16,15,0.5937
2026-02-20,NVDA,6,5,3,0.199
2026-02-20,NVST,18,13,14,0.5655
2026-02-20,RL,10,7,6,0.2667
2026-02-20,SNDK,1,1,1,0.0
2026-02-20,STX,5,9,8,0.3292
2026-02-20,TER,25,26,26,0.9731
2026-02-20,TPR,14,12,11,0.4801
2026-02-20,TTMI,23,21,16,0.6494
2026-02-20,WWD,17,17,17,0.7065
2026-02-23,ADI,8,10,7,0.2795
2026-02-23,AEIS,22,23,22,0.8178
2026-02-23,APH,2,3,2,0.0693
2026-02-23,CIEN,26,25,25,0.9154
2026-02-23,COHR,25,24,24,0.9028
2026-02-23,DY,15,11,12,0.4675
2026-02-23,FHN,7,7,9,0.4314
2026-02-23,FIX,13,16,16,0.5948
2026-02-23,GRMN,17,18,23,0.8577
2026-02-23,HAS,12,13,11,0.4653
2026-02-23,LITE,27,27,27,0.9913
2026-02-23,LLY,6,2,3,0.1168
2026-02-23,LRCX,16,15,14,0.5521
2026-02-23,MCHP,10,8,8,0.2886
2026-02-23,MKSI,21,21,20,0.7604
2026-02-23,MTSI,20,20,19,0.7205
2026-02-23,MU,14,14,13,0.543
2026-02-23,NVDA,9,9,6,0.266
2026-02-23,NVST,19,17,17,0.6545
2026-02-23,OMC,3,4,15,0.5885
2026-02-23,RL,4,5,5,0.2005
2026-02-23,SNDK,1,1,1,0.0
2026-02-23,STX,5,6,4,0.1945
2026-02-23,TER,24,26,26,0.9303
2026-02-23,TPR,11,12,10,0.4353
2026-02-23,TTMI,23,22,21,0.8175
2026-02-23,WWD,18,19,18,0.6754
2026-02-24,ADI,10,10,8,0.2919
2026-02-24,AEIS,27,26,25,0.8506
2026-02-24,APH,4,3,2,0.0793
2026-02-24,CIEN,26,28,27,0.8875
2026-02-24,COHR,25,27,26,0.8747
2026-02-24,DY,17,14,16,0.5174
2026-02-24,FHN,8,8,6,0.2539
2026-02-24,FIX,18,17,17,0.5276
2026-02-24,GMED,6,9,18,0.6362
2026-02-24,GRMN,19,19,20,0.715
2026-02-24,HAS,15,15,12,0.4563
2026-02-24,KEYS,28,24,30,1.0155
2026-02-24,LITE,30,30,29,1.0
2026-02-24,LLY,7,6,4,0.1691
2026-02-24,LRCX,14,18,15,0.5092
2026-02-24,MCHP,12,12,10,0.3415
2026-02-24,MKSI,21,21,21,0.7276
2026-02-24,MS,2,2,11,0.3712
2026-02-24,MTSI,23,23,23,0.7425
2026-02-24,MU,13,13,13,0.4769
2026-02-24,NVDA,11,11,9,0.3047
2026-02-24,NVST,24,22,22,0.7402
2026-02-24,OMC,3,4,7,0.2776
2026-02-24,RL,9,7,5,0.2445
2026-02-24,SNDK,1,1,1,0.0
2026-02-24,STX,5,5,3,0.1471
2026-02-24,TER,29,29,28,0.9401
2026-02-24,TPR,16,16,14,0.478
2026-02-24,TTMI,22,25,24,0.7919
2026-02-24,WWD,20,20,19,0.6517
2026-02-25,ADI,11,13,9,0.2689
2026-02-25,AEIS,33,,,0.8207
2026-02-25,APH,17,6,6,0.2338
2026-02-25,AX,12,15,24,0.6841
2026-02-25,BOKF,8,14,22,0.6354
2026-02-25,BOOT,19,17,29,0.7695
2026-02-25,CIEN,34,,,0.8534
2026-02-25,COHR,35,,,0.8475
2026-02-25,DY,21,24,16,0.5171
2026-02-25,EDU,5,8,20,0.5988
2026-02-25,FHN,10,9,5,0.2283
2026-02-25,FIX,18,20,14,0.4755
2026-02-25,FORM,41,,,1.0378
2026-02-25,GMED,14,11,13,0.4303
2026-02-25,GRMN,26,27,21,0.6142
2026-02-25,HAS,22,23,15,0.4855
2026-02-25,KEYS,36,,,0.9261
2026-02-25,LITE,40,,,0.9756
2026-02-25,LLY,7,5,4,0.1737
2026-02-25,LRCX,23,25,17,0.5182
2026-02-25,MCHP,9,12,10,0.2806
2026-02-25,MKSI,30,29,25,0.7144
2026-02-25,MOD,42,,,1.05
2026-02-25,MS,3,2,8,0.2547
2026-02-25,MTSI,32,,28,0.7518
2026-02-25,MU,16,18,12,0.4071
2026-02-25,NVDA,15,16,11,0.3357
2026-02-25,NVMI,24,21,,0.8305
2026-02-25,NVST,31,,27,0.7422
2026-02-25,OMC,2,3,2,0.0483
2026-02-25,RL,13,10,7,0.2522
2026-02-25,SNDK,1,1,1,0.0
2026-02-25,STX,6,4,3,0.1331
2026-02-25,TER,39,,,0.93
2026-02-25,TPR,25,26,18,0.5248
2026-02-25,TSEM,4,7,19,0.5866
2026-02-25,TSM,27,22,,0.8671
2026-02-25,TTMI,28,30,26,0.7157
2026-02-25,VIRT,20,19,30,0.7817
2026-02-25,VRT,38,,,1.0012
2026-02-25,WWD,29,28,23,0.6688
2026-02-25,YOU,37,,,0.989
2026-02-26,ADI,21,17,14,0.3733
2026-02-26,AEIS,42,,,0.9016
2026-02-26,APH,13,11,7,0.2806
2026-02-26,AROC,35,,,0.9548
2026-02-26,AX,12,14,17,0.4314
2026-02-26,BOKF,11,10,15,0.3903
2026-02-26,BOOT,19,18,20,0.566
2026-02-26,CIEN,36,,,0.8305
2026-02-26,CM,24,23,,0.8238
2026-02-26,COHR,30,,,0.7595
2026-02-26,EDU,5,5,10,0.2969
2026-02-26,FHN,15,12,8,0.2808
2026-02-26,FIX,17,19,18,0.4321
2026-02-26,FORM,37,,,0.9413
2026-02-26,GMED,18,16,13,0.332
2026-02-26,GRMN,29,29,24,0.6404
2026-02-26,HAS,25,25,19,0.5359
2026-02-26,JLL,3,2,21,0.5738
2026-02-26,KEYS,41,,,0.9185
2026-02-26,LITE,34,,,0.8782
2026-02-26,LLY,8,7,4,0.1686
2026-02-26,LRCX,16,20,16,0.4292
2026-02-26,MCHP,10,9,6,0.2415
2026-02-26,MKSI,20,26,22,0.5763
2026-02-26,MOD,43,,,1.02
2026-02-26,MTSI,31,,30,0.7357
2026-02-26,MU,9,15,9,0.2878
2026-02-26,NVDA,4,8,5,0.2071
2026-02-26,NVMI,22,21,23,0.6383
2026-02-26,NVST,33,,,0.7591
2026-02-26,OMC,7,4,3,0.0925
2026-02-26,RL,14,13,11,0.2977
2026-02-26,SNDK,1,1,1,0.0
2026-02-26,STX,2,3,2,0.0761
2026-02-26,TER,39,,,0.9235
2026-02-26,TPR,32,30,26,0.6481
2026-02-26,TSEM,6,6,12,0.3015
2026-02-26,TSM,23,24,29,0.6721
2026-02-26,TTMI,28,28,28,0.6638
2026-02-26,VIRT,26,22,27,0.6566
2026-02-26,VRT,40,,,0.955
2026-02-26,WWD,27,27,25,0.6454
2026-02-26,YOU,38,,,0.9239
2026-02-27,ADI,23,17,16,0.4666
2026-02-27,AEIS,41,,,0.949
2026-02-27,APH,11,12,12,0.2888
2026-02-27,AROC,31,,,0.8379
2026-02-27,BMO,15,18,27,0.725
2026-02-27,BOKF,3,5,5,0.1306
2026-02-27,BOOT,6,11,10,0.2789
2026-02-27,CIEN,35,,,0.836
2026-02-27,CM,14,16,21,0.5468
2026-02-27,COHR,33,,30,0.773
2026-02-27,FHN,7,9,7,0.2189
2026-02-27,FIX,17,15,15,0.3972
2026-02-27,FORM,37,,,0.9023
2026-02-27,GMED,10,13,13,0.2973
2026-02-27,GRMN,29,27,26,0.672
2026-02-27,HAS,24,24,22,0.5614
2026-02-27,KEYS,40,,,0.9439
2026-02-27,LITE,39,,,0.901
2026-02-27,LLY,5,4,4,0.1293
2026-02-27,LRCX,12,14,14,0.352
2026-02-27,MCHP,9,8,6,0.2033
2026-02-27,MKSI,18,21,17,0.4897
2026-02-27,MOD,36,,,0.9375
2026-02-27,MTSI,30,30,28,0.728
2026-02-27,MU,13,10,11,0.2803
2026-02-27,NVMI,21,19,19,0.5122
2026-02-27,NVST,32,,29,0.7624
2026-02-27,OMC,16,6,8,0.2352
2026-02-27,RL,8,7,9,0.2389
2026-02-27,SNDK,1,1,1,0.0
2026-02-27,STRL,27,29,,0.875
2026-02-27,STX,4,3,3,0.069
2026-02-27,TER,34,,,0.8693
2026-02-27,TIGO,28,26,,0.8875
2026-02-27,TPR,26,28,25,0.651
2026-02-27,TSEM,2,2,2,0.0628
2026-02-27,TSM,22,22,20,0.5465
2026-02-27,TTMI,20,23,23,0.5621
2026-02-27,VIRT,19,20,18,0.4963
2026-02-27,VRT,38,,,0.9216
2026-02-27,WWD,25,25,24,0.6223
2026-03-02,ADI,16,18,16,0.4525
2026-03-02,AEIS,37,,,0.9568
2026-03-02,AROC,28,29,27,0.7331
2026-03-02,AX,3,5,15,0.408
2026-03-02,BOKF,7,6,4,0.1395
2026-03-02,CIEN,36,,,0.8704
2026-03-02,CM,15,14,13,0.3865
2026-03-02,COHR,39,,,0.8653
2026-03-02,FAF,20,17,30,0.7936
2026-03-02,FHN,9,9,7,0.2142
2026-03-02,FIX,12,13,12,0.3372
2026-03-02,FORM,32,,,0.8389
2026-03-02,FTAI,14,16,25,0.7167
2026-03-02,GMED,10,11,10,0.2638
2026-03-02,GRMN,24,24,24,0.6382
2026-03-02,HAS,18,20,19,0.5047
2026-03-02,KEYS,38,,,0.9573
2026-03-02,LB,27,28,,0.8833
2026-03-02,LITE,40,,,0.9421
2026-03-02,LLY,5,3,3,0.1146
2026-03-02,LRCX,13,12,11,0.3078
2026-03-02,MCHP,6,7,6,0.167
2026-03-02,MKSI,22,21,18,0.4872
2026-03-02,MOD,35,,,0.8984
2026-03-02,MTSI,33,30,29,0.7706
2026-03-02,MU,8,10,8,0.2178
2026-03-02,NVMI,19,19,17,0.4808
2026-03-02,NVST,31,,28,0.7695
2026-03-02,RL,4,4,5,0.1529
2026-03-02,SNDK,1,1,1,0.0
2026-03-02,STX,2,2,2,0.0401
2026-03-02,TER,30,,,0.8002
2026-03-02,TIGO,25,26,26,0.7302
2026-03-02,TPR,21,23,21,0.5915
2026-03-02,TSEM,17,8,9,0.2364
2026-03-02,TSM,11,15,14,0.3905
2026-03-02,TTMI,29,25,23,0.63
2026-03-02,VIRT,23,22,20,0.5361
2026-03-02,VRT,34,,,0.8863
2026-03-02,WWD,26,27,22,0.6243
2026-03-03,ADI,17,19,18,0.4205
2026-03-03,AEIS,40,,,0.9525
2026-03-03,AROC,38,,,0.8089
2026-03-03,AX,4,4,9,0.272
2026-03-03,BMO,22,20,26,0.6561
2026-03-03,BOKF,18,14,8,0.2635
2026-03-03,BOOT,6,8,17,0.416
2026-03-03,CIEN,36,,,0.8661
2026-03-03,CM,19,18,15,0.3922
2026-03-03,COHR,42,,,0.9523
2026-03-03,FAF,27,23,29,0.6832
2026-03-03,FHN,16,10,11,0.2745
2026-03-03,FIX,8,15,7,0.25
2026-03-03,FORM,28,,,0.7477
2026-03-03,FTAI,7,16,16,0.3932
2026-03-03,GMED,15,11,14,0.285
2026-03-03,GRMN,35,29,,0.7316
2026-03-03,HAS,26,24,22,0.5506
2026-03-03,KEYS,41,,,0.9674
2026-03-03,LB,39,,,0.8834
2026-03-03,LITE,29,,,0.8315
2026-03-03,LLY,11,6,4,0.1727
2026-03-03,LRCX,12,12,13,0.2815
2026-03-03,MCHP,10,9,5,0.1882
2026-03-03,MKSI,23,22,20,0.5148
2026-03-03,MOD,24,,30,0.717
2026-03-03,MTSI,33,,,0.7814
2026-03-03,MU,3,3,3,0.1382
2026-03-03,NVMI,21,21,19,0.4824
2026-03-03,NVST,37,,,0.8248
2026-03-03,RL,14,7,6,0.2166
2026-03-03,SNDK,1,1,1,0.0
2026-03-03,SQM,5,5,23,0.5988
2026-03-03,STX,2,2,2,0.0349
2026-03-03,TER,25,30,28,0.6808
2026-03-03,TPR,30,26,24,0.6325
2026-03-03,TSEM,13,13,10,0.2744
2026-03-03,TSM,9,17,12,0.2795
2026-03-03,TTMI,20,25,21,0.5421
2026-03-03,VIRT,32,27,25,0.6373
2026-03-03,VRT,34,,,0.8413
2026-03-03,WWD,31,28,27,0.6782
2026-03-04,ADI,20,17,17,0.4376
2026-03-04,AEIS,39,,,0.9572
2026-03-04,AROC,36,,,0.8579
2026-03-04,AX,4,3,3,0.0707
2026-03-04,BMO,21,18,26,0.6301
2026-03-04,BOKF,15,15,15,0.3346
2026-03-04,CIEN,37,,,0.8971
2026-03-04,CM,13,16,16,0.3573
2026-03-04,COHR,40,,,0.9949
2026-03-04,FAF,24,23,24,0.5826
2026-03-04,FHN,7,10,10,0.2277
2026-03-04,FIX,12,12,11,0.2487
2026-03-04,FORM,26,28,29,0.677
2026-03-04,FTAI,3,4,4,0.1362
2026-03-04,GMED,6,8,7,0.2127
2026-03-04,GRMN,32,30,30,0.7642
2026-03-04,HAS,23,20,21,0.5522
2026-03-04,KEYS,38,,,0.9568
2026-03-04,LB,35,,,0.8473
2026-03-04,LITE,30,,,0.7767
2026-03-04,LLY,11,9,9,0.2219
2026-03-04,LRCX,16,14,14,0.3343
2026-03-04,MCHP,5,6,5,0.1428
2026-03-04,MKSI,28,25,25,0.6148
2026-03-04,MOD,19,26,23,0.5734
2026-03-04,MTSI,31,,,0.7829
2026-03-04,MU,10,5,6,0.1659
2026-03-04,NVMI,25,19,19,0.5463
2026-03-04,NVST,33,,,0.8275
2026-03-04,RL,9,7,8,0.2131
2026-03-04,SNDK,2,1,2,0.0128
2026-03-04,STX,1,2,1,0.0124
2026-03-04,TER,17,22,18,0.5295
2026-03-04,TPR,29,29,28,0.6737
2026-03-04,TSEM,8,11,12,0.2596
2026-03-04,TSM,14,13,13,0.2765
2026-03-04,TTMI,22,21,20,0.5518
2026-03-04,VIRT,27,27,27,0.673
2026-03-04,VRT,34,,,0.8338
2026-03-04,WWD,18,24,22,0.5657
2026-03-05,ADI,9,13,12,0.3268
2026-03-05,AEIS,37,,,0.9441
2026-03-05,ANET,26,18,,0.8705
2026-03-05,AROC,38,,,0.9241
2026-03-05,AX,7,4,4,0.1146
2026-03-05,BOKF,21,17,18,0.447
2026-03-05,CIEN,15,,25,0.6271
2026-03-05,CM,18,16,14,0.3981
2026-03-05,COHR,36,,,0.9487
2026-03-05,EXPE,29,11,,0.909
2026-03-05,FAF,24,26,24,0.5986
2026-03-05,FHN,13,12,11,0.2732
2026-03-05,FIX,5,7,6,0.17
2026-03-05,FORM,12,22,20,0.465
2026-03-05,GMED,8,6,7,0.1965
2026-03-05,GRMN,27,,29,0.7376
2026-03-05,HAS,22,23,22,0.5604
2026-03-05,KEYS,35,,,0.9156
2026-03-05,LB,39,,,0.9341
2026-03-05,LITE,6,21,17,0.4238
2026-03-05,LLY,4,5,5,0.1642
2026-03-05,LRCX,20,15,15,0.4126
2026-03-05,MCHP,3,3,3,0.1003
2026-03-05,MKSI,30,28,27,0.6868
2026-03-05,MOD,14,19,16,0.4173
2026-03-05,MTSI,31,,,0.7715
2026-03-05,MU,16,8,10,0.2713
2026-03-05,NVMI,33,27,28,0.6924
2026-03-05,NVST,34,,,0.8448
2026-03-05,RL,10,10,8,0.2403
2026-03-05,SNDK,2,1,2,0.0205
2026-03-05,STX,1,2,1,0.0049
2026-03-05,TER,28,25,23,0.5863
2026-03-05,TPR,25,29,26,0.6645
2026-03-05,TSEM,11,9,9,0.2406
2026-03-05,TSM,19,14,13,0.3698
2026-03-05,TTMI,17,20,19,0.4593
2026-03-05,VIRT,32,30,30,0.7487
2026-03-05,VRT,40,,,0.9148
2026-03-05,WWD,23,24,21,0.5592
2026-03-06,ADI,9,8,7,0.2766
2026-03-06,AEIS,28,,,0.8689
2026-03-06,AROC,33,,,0.9347
2026-03-06,BOKF,21,18,18,0.5198
2026-03-06,CIEN,11,17,14,0.4394
2026-03-06,CM,26,22,21,0.56
2026-03-06,COHR,16,28,25,0.6898
2026-03-06,EXPE,30,25,30,0.8619
2026-03-06,FAF,27,26,24,0.6772
2026-03-06,FIX,7,6,4,0.1754
2026-03-06,FORM,6,7,8,0.2863
2026-03-06,GMED,17,11,10,0.3148
2026-03-06,GRMN,32,30,29,0.8149
2026-03-06,HAS,25,23,22,0.6273
2026-03-06,KEYS,29,,,0.863
2026-03-06,LB,35,,,0.9667
2026-03-06,LITE,1,1,5,0.1872
2026-03-06,LLY,22,12,12,0.3832
2026-03-06,LRCX,15,13,13,0.429
2026-03-06,MKSI,12,16,20,0.5233
2026-03-06,MOD,8,9,9,0.2952
2026-03-06,MTSI,10,19,16,0.517
2026-03-06,MU,13,10,11,0.338
2026-03-06,NVMI,23,24,26,0.6928
2026-03-06,NVST,20,27,27,0.6974
2026-03-06,SNDK,2,3,1,0.0275
2026-03-06,STX,3,2,2,0.0294
2026-03-06,TER,24,21,23,0.628
2026-03-06,TPR,14,20,17,0.5194
2026-03-06,TSEM,5,5,3,0.1716
2026-03-06,TSM,18,14,15,0.4551
2026-03-06,TTMI,4,4,6,0.2749
2026-03-06,VIRT,31,29,28,0.813
2026-03-06,VRT,34,,,0.9545
2026-03-06,WWD,19,15,19,0.5211
2026-03-09,ADI,5,8,5,0.1704
2026-03-09,AEIS,33,,,0.8934
2026-03-09,ANET,30,29,,0.8847
2026-03-09,AROC,34,,,0.9574
2026-03-09,BOKF,11,17,16,0.4261
2026-03-09,CIEN,12,10,8,0.3218
2026-03-09,CM,22,24,23,0.6166
2026-03-09,COHR,26,26,25,0.6795
2026-03-09,FAF,18,23,22,0.5974
2026-03-09,FIX,8,7,6,0.1764
2026-03-09,FORM,4,6,4,0.1446
2026-03-09,GMED,17,13,14,0.4124
2026-03-09,GRMN,29,30,28,0.8186
2026-03-09,HAS,25,25,24,0.6724
2026-03-09,KEYS,31,,30,0.8626
2026-03-09,LITE,23,3,10,0.3492
2026-03-09,LLY,19,19,18,0.4654
2026-03-09,LRCX,13,14,12,0.3974
2026-03-09,MKSI,9,11,11,0.3634
2026-03-09,MOD,24,15,19,0.4667
2026-03-09,MTSI,14,16,15,0.4244
2026-03-09,MU,16,12,13,0.4034
2026-03-09,NVMI,27,27,27,0.7406
2026-03-09,NVST,10,20,20,0.4692
2026-03-09,SNDK,1,1,1,0.014
2026-03-09,STRL,21,22,29,0.8441
2026-03-09,STX,2,2,2,0.0324
2026-03-09,TER,28,28,26,0.7385
2026-03-09,TPR,7,9,9,0.326
2026-03-09,TSEM,3,4,3,0.116
2026-03-09,TSM,15,18,17,0.4482
2026-03-09,TTMI,6,5,7,0.1821
2026-03-09,VIRT,32,,,0.8796
2026-03-09,VRT,35,,,0.9912
2026-03-09,WWD,20,21,21,0.5511
2026-03-10,ADI,5,5,5,0.1364
2026-03-10,AEIS,37,,,0.9277
2026-03-10,ANET,27,,,0.8272
2026-03-10,AROC,36,,,0.9524
2026-03-10,BOKF,10,12,11,0.3275
2026-03-10,CIEN,20,17,15,0.4126
2026-03-10,CM,26,27,26,0.6702
2026-03-10,COHR,32,28,28,0.7277
2026-03-10,FAF,16,23,17,0.5056
2026-03-10,FIX,7,7,7,0.1781
2026-03-10,FORM,8,6,6,0.1505
2026-03-10,GMED,11,15,14,0.3704
2026-03-10,GRMN,29,,30,0.8078
2026-03-10,HAS,23,26,25,0.6502
2026-03-10,KEYS,35,,,0.8889
2026-03-10,LITE,31,10,21,0.5995
2026-03-10,LLY,19,21,18,0.5256
2026-03-10,LRCX,14,16,13,0.3639
2026-03-10,MKSI,13,11,10,0.2975
2026-03-10,MOD,25,19,20,0.5684
2026-03-10,MRVL,33,,,0.9824
2026-03-10,MTSI,15,14,12,0.3568
2026-03-10,MU,17,18,16,0.4192
2026-03-10,NVMI,22,24,24,0.6426
2026-03-10,NVST,6,9,9,0.2587
2026-03-10,OMC,21,30,,0.8203
2026-03-10,RL,12,13,27,0.6986
2026-03-10,SNDK,1,1,1,0.0059
2026-03-10,STRL,18,22,22,0.6262
2026-03-10,STX,2,2,2,0.0341
2026-03-10,TER,30,29,29,0.7654
2026-03-10,TPR,9,8,8,0.2375
2026-03-10,TSEM,3,3,3,0.0682
2026-03-10,TSM,24,20,19,0.5343
2026-03-10,TTMI,4,4,4,0.1023
2026-03-10,VIRT,34,,,0.8959
2026-03-10,VRT,38,,,0.9941
2026-03-10,WWD,28,25,23,0.6384
2026-03-11,ADI,5,5,5,0.11
2026-03-11,AEIS,37,,,0.9666
2026-03-11,ANET,19,27,24,0.6246
2026-03-11,AROC,35,,,0.9374
2026-03-11,BOKF,8,10,9,0.2264
2026-03-11,CIEN,32,28,25,0.6377
2026-03-11,CM,21,21,21,0.5965
2026-03-11,COHR,33,,,0.8308
2026-03-11,FAF,9,12,11,0.3297
2026-03-11,FIX,12,9,10,0.2385
2026-03-11,FORM,10,8,8,0.196
2026-03-11,GMED,13,13,13,0.3374
2026-03-11,GRMN,24,29,29,0.7025
2026-03-11,HAS,14,18,17,0.4952
2026-03-11,KEYS,36,,,0.9251
2026-03-11,LITE,34,,,0.8186
2026-03-11,LLY,18,17,16,0.4816
2026-03-11,LRCX,20,16,15,0.4328
2026-03-11,MKSI,15,14,12,0.3335
2026-03-11,MOD,26,25,27,0.6677
2026-03-11,MRVL,30,,,0.8714
2026-03-11,MTSI,17,15,14,0.4062
2026-03-11,MU,29,22,20,0.5963
2026-03-11,NVDA,11,11,28,0.6851
2026-03-11,NVMI,22,23,22,0.607
2026-03-11,NVST,7,7,7,0.1746
2026-03-11,OMC,16,20,19,0.5849
2026-03-11,SNDK,4,1,2,0.0405
2026-03-11,STRL,28,24,23,0.6203
2026-03-11,STX,1,2,1,0.014
2026-03-11,TER,31,30,30,0.7994
2026-03-11,TPR,6,6,6,0.1677
2026-03-11,TSEM,3,3,3,0.055
2026-03-11,TSM,23,19,18,0.5661
2026-03-11,TTMI,2,4,4,0.0672
2026-03-11,VIRT,27,,,0.8013
2026-03-11,VRT,38,,,1.0
2026-03-11,WWD,25,26,26,0.655
2026-03-12,ADI,4,4,4,0.0969
2026-03-12,AEIS,32,,,0.9293
2026-03-12,AROC,33,,,0.922
2026-03-12,BOKF,13,10,10,0.2768
2026-03-12,CIEN,34,30,30,0.8255
2026-03-12,CM,20,20,21,0.5687
2026-03-12,COHR,31,,,0.8556
2026-03-12,FAF,17,13,13,0.3745
2026-03-12,FIX,10,9,9,0.2502
2026-03-12,FORM,6,8,8,0.1822
2026-03-12,GMED,11,11,11,0.2942
2026-03-12,GRMN,27,27,27,0.7093
2026-03-12,HAS,23,18,19,0.5386
2026-03-12,KEYS,35,,,0.9533
2026-03-12,LITE,30,,,0.844
2026-03-12,LLY,14,14,15,0.4208
2026-03-12,LRCX,21,17,17,0.51
2026-03-12,MKSI,12,12,12,0.3355
2026-03-12,MOD,26,26,26,0.6896
2026-03-12,MRVL,18,25,25,0.651
2026-03-12,MTSI,15,15,14,0.4054
2026-03-12,MU,22,24,24,0.6135
2026-03-12,NVMI,24,23,23,0.6124
2026-03-12,NVST,5,6,5,0.1328
2026-03-12,OMC,25,21,22,0.5726
2026-03-12,SNDK,1,1,2,0.0243
2026-03-12,STRL,16,22,18,0.5251
2026-03-12,STX,2,2,1,0.0197
2026-03-12,TER,29,29,29,0.8
2026-03-12,TPR,7,7,7,0.1695
2026-03-12,TSEM,9,5,6,0.1413
2026-03-12,TSM,19,19,20,0.5598
2026-03-12,TTMI,3,3,3,0.0529
2026-03-12,VIRT,28,28,28,0.7749
2026-03-12,VRT,36,,,1.0
2026-03-12,WWD,8,16,16,0.4405
2026-03-13,ADI,5,4,5,0.1029
2026-03-13,AEIS,29,,,0.8492
2026-03-13,AROC,34,,,0.9164
2026-03-13,BOKF,15,10,12,0.3351
2026-03-13,CIEN,37,,,0.9504
2026-03-13,CM,18,19,17,0.5071
2026-03-13,COHR,33,,,0.8746
2026-03-13,FAF,26,18,19,0.5276
2026-03-13,FIX,6,7,8,0.206
2026-03-13,FORM,7,6,6,0.1748
2026-03-13,FRO,14,17,28,0.7306
2026-03-13,GMED,13,12,11,0.3172
2026-03-13,GRMN,28,28,27,0.7222
2026-03-13,HAS,25,23,22,0.5922
2026-03-13,KEYS,35,,,0.9528
2026-03-13,LITE,32,,,0.8575
2026-03-13,LLY,17,16,16,0.4255
2026-03-13,LRCX,19,20,18,0.5241
2026-03-13,MKSI,8,9,9,0.2672
2026-03-13,MOD,16,22,21,0.5578
2026-03-13,MRVL,23,26,24,0.608
2026-03-13,MTSI,12,13,13,0.3593
2026-03-13,MU,31,29,29,0.748
2026-03-13,NVMI,22,25,23,0.6023
2026-03-13,NVST,3,5,4,0.0945
2026-03-13,OMC,27,24,25,0.6479
2026-03-13,SNDK,4,3,3,0.0579
2026-03-13,STRL,11,15,15,0.4134
2026-03-13,STX,2,2,1,0.0225
2026-03-13,TER,30,30,30,0.8049
2026-03-13,TPR,9,8,7,0.1896
2026-03-13,TSEM,24,14,14,0.3988
2026-03-13,TSM,20,21,20,0.5371
2026-03-13,TTMI,1,1,2,0.0225
2026-03-13,VIRT,21,27,26,0.6497
2026-03-13,VRT,36,,,0.9861
2026-03-13,WWD,10,11,10,0.3147
2026-03-16,ADI,4,5,5,0.0921
2026-03-16,AEIS,30,30,,0.8133
2026-03-16,AROC,33,,,0.9023
2026-03-16,BE,19,25,30,0.8
2026-03-16,BOKF,9,11,12,0.2963
2026-03-16,CIEN,37,,,0.9886
2026-03-16,CM,20,17,17,0.5141
2026-03-16,COHR,32,,,0.8687
2026-03-16,FAF,23,22,22,0.6053
2026-03-16,FIX,8,8,8,0.1903
2026-03-16,FORM,1,6,3,0.0786
2026-03-16,FRO,18,16,20,0.5644
2026-03-16,GMED,11,12,11,0.296
2026-03-16,GRMN,24,27,26,0.693
2026-03-16,HAS,21,21,21,0.6035
2026-03-16,KEYS,35,,,0.9498
2026-03-16,LITE,28,,29,0.799
2026-03-16,LLY,13,15,13,0.3743
2026-03-16,LRCX,22,18,18,0.556
2026-03-16,MKSI,10,9,9,0.2462
2026-03-16,MOD,26,23,23,0.6151
2026-03-16,MRVL,29,26,25,0.6694
2026-03-16,MTSI,16,13,14,0.38
2026-03-16,MU,15,20,19,0.5644
2026-03-16,NVMI,25,24,24,0.6398
2026-03-16,NVST,2,4,2,0.0534
2026-03-16,OMC,27,28,28,0.7149
2026-03-16,SNDK,5,2,4,0.0806
2026-03-16,STRL,17,14,15,0.3913
2026-03-16,STX,3,3,1,0.0418
2026-03-16,TER,31,29,,0.8183
2026-03-16,TPR,6,7,7,0.1704
2026-03-16,TSEM,34,,27,0.6957
2026-03-16,TTMI,7,1,6,0.0948
2026-03-16,VIRT,14,19,16,0.5015
2026-03-16,VRT,36,,,0.9778
2026-03-16,WWD,12,10,10,0.2678
2026-03-17,ADI,1,2,1,0.0472
2026-03-17,AEIS,31,,30,0.8139
2026-03-17,AROC,34,,,0.9083
2026-03-17,BE,19,21,22,0.62
2026-03-17,BOKF,7,9,9,0.2278
2026-03-17,CIEN,37,,,1.0
2026-03-17,CM,15,17,16,0.4472
2026-03-17,COHR,32,,,0.8667
2026-03-17,FAF,25,24,23,0.6556
2026-03-17,FIX,4,5,5,0.1278
2026-03-17,FORM,8,6,6,0.1306
2026-03-17,FRO,16,16,14,0.4222
2026-03-17,GMED,12,14,13,0.3028
2026-03-17,GRMN,24,25,24,0.6611
2026-03-17,HAS,20,20,20,0.5639
2026-03-17,KEYS,35,,,0.9444
2026-03-17,LITE,29,30,29,0.7861
2026-03-17,LRCX,23,23,21,0.5806
2026-03-17,MKSI,13,13,11,0.2806
2026-03-17,MOD,17,18,18,0.5139
2026-03-17,MRVL,28,28,28,0.7306
2026-03-17,MTSI,9,12,12,0.2972
2026-03-17,MU,21,22,19,0.5611
2026-03-17,NVMI,27,26,25,0.6778
2026-03-17,NVST,6,4,4,0.0889
2026-03-17,OMC,26,27,27,0.7083
2026-03-17,RL,11,10,26,0.6889
2026-03-17,SNDK,2,3,2,0.0639
2026-03-17,STRL,18,15,15,0.425
2026-03-17,STX,14,8,8,0.2028
2026-03-17,TER,30,29,,0.8139
2026-03-17,TPR,5,7,7,0.1417
2026-03-17,TSEM,33,,,0.8472
2026-03-17,TTMI,3,1,3,0.0778
2026-03-17,VIRT,22,19,17,0.5111
2026-03-17,VRT,36,,,0.9722
2026-03-17,WWD,10,11,10,0.2667
2026-03-18,ADI,1,1,1,0.0167
2026-03-18,AEIS,27,27,27,0.8051
2026-03-18,AROC,28,30,29,0.8619
2026-03-18,BE,12,13,13,0.4167
2026-03-18,BOKF,5,5,5,0.1551
2026-03-18,CIEN,34,,,1.0
2026-03-18,CM,15,15,14,0.4343
2026-03-18,COHR,29,28,28,0.8548
2026-03-18,FAF,11,16,17,0.4737
2026-03-18,FIX,4,4,4,0.1093
2026-03-18,FORM,13,9,9,0.2402
2026-03-18,FRO,24,24,22,0.5679
2026-03-18,GMED,8,11,11,0.2533
2026-03-18,GRMN,16,20,20,0.5467
2026-03-18,HAS,14,14,15,0.4664
2026-03-18,KEYS,31,,,0.9268
2026-03-18,LITE,33,29,30,0.8682
2026-03-18,LRCX,21,22,23,0.603
2026-03-18,MKSI,23,19,18,0.4833
2026-03-18,MOD,25,25,25,0.6359
2026-03-18,MTSI,7,10,10,0.2409
2026-03-18,MU,20,18,19,0.5323
2026-03-18,NVMI,26,26,26,0.7288
2026-03-18,NVST,9,8,7,0.1684
2026-03-18,OMC,19,23,24,0.6255
2026-03-18,SNDK,10,6,6,0.1669
2026-03-18,STRL,17,17,16,0.473
2026-03-18,STX,6,7,8,0.1952
2026-03-18,TPR,3,3,3,0.0914
2026-03-18,TSEM,30,,,0.8894
2026-03-18,TTMI,2,2,2,0.0652
2026-03-18,VIRT,22,21,21,0.5654
2026-03-18,VRT,32,,,0.9558
2026-03-18,WWD,18,12,12,0.3937
2026-03-19,ADI,1,1,1,0.0
2026-03-19,AEIS,26,25,25,0.8063
2026-03-19,AROC,25,26,26,0.8159
2026-03-19,BE,16,16,16,0.4419
2026-03-19,BOKF,5,4,4,0.1342
2026-03-19,CIEN,32,,,1.0
2026-03-19,CM,12,14,12,0.3825
2026-03-19,COHR,27,27,27,0.8461
2026-03-19,FIX,9,5,5,0.173
2026-03-19,FORM,6,8,8,0.2286
2026-03-19,FRO,21,22,22,0.615
2026-03-19,GMED,7,9,7,0.2215
2026-03-19,GRMN,15,17,17,0.4899
2026-03-19,HAS,11,13,13,0.385
2026-03-19,KEYS,28,28,28,0.8971
2026-03-19,LITE,30,30,29,0.9142
2026-03-19,LRCX,19,20,20,0.5944
2026-03-19,MKSI,22,21,21,0.6054
2026-03-19,MOD,23,23,23,0.6619
2026-03-19,MTSI,10,7,9,0.2442
2026-03-19,MU,2,10,10,0.3
2026-03-19,NVMI,24,24,24,0.7427
2026-03-19,NVST,14,11,11,0.3102
2026-03-19,SNDK,8,6,6,0.2003
2026-03-19,STRL,20,18,18,0.5464
2026-03-19,STX,18,15,14,0.3919
2026-03-19,TPR,4,3,3,0.0888
2026-03-19,TSEM,31,,30,0.9253
2026-03-19,TTMI,3,2,2,0.0525
2026-03-19,VIRT,17,19,19,0.5656
2026-03-19,VRT,29,29,,0.9279
2026-03-19,WWD,13,12,15,0.3981
2026-03-20,ADI,5,4,2,0.0588
2026-03-20,AEIS,26,28,27,0.7672
2026-03-20,AROC,32,,,0.8518
2026-03-20,BE,19,17,15,0.4765
2026-03-20,BOKF,14,10,8,0.2541
2026-03-20,CIEN,35,,,1.0
2026-03-20,CM,18,15,14,0.4413
2026-03-20,COHR,29,29,29,0.8331
2026-03-20,FIVE,15,22,26,0.7559
2026-03-20,FIX,3,3,4,0.125
2026-03-20,FORM,6,8,7,0.1946
2026-03-20,FRO,24,25,23,0.6712
2026-03-20,FTAI,7,7,20,0.6382
2026-03-20,GMED,16,12,11,0.3211
2026-03-20,GRMN,20,19,18,0.5058
2026-03-20,HAS,23,20,17,0.4991
2026-03-20,KEYS,28,30,30,0.8402
2026-03-20,LITE,33,,,0.9452
2026-03-20,LRCX,25,24,21,0.6483
2026-03-20,MKSI,17,21,19,0.5719
2026-03-20,MOD,21,23,22,0.6525
2026-03-20,MTSI,12,11,9,0.2852
2026-03-20,MU,1,1,3,0.1248
2026-03-20,NVMI,30,27,28,0.8006
2026-03-20,NVST,22,18,16,0.4831
2026-03-20,SNDK,4,5,5,0.1664
2026-03-20,STRL,10,16,13,0.4132
2026-03-20,STX,9,14,10,0.3125
2026-03-20,TPR,11,6,6,0.1882
2026-03-20,TSEM,34,,,0.9514
2026-03-20,TTMI,2,2,1,0.0401
2026-03-20,TXN,13,9,25,0.7265
2026-03-20,VIRT,31,26,24,0.7233
2026-03-20,VRT,27,,,0.8412
2026-03-20,WWD,8,13,12,0.3221
2026-03-23,ADI,6,5,3,0.1088
2026-03-23,AEIS,29,30,29,0.7936
2026-03-23,AROC,31,,,0.8695
2026-03-23,BE,5,7,10,0.3144
2026-03-23,BOKF,14,14,12,0.3317
2026-03-23,CIEN,35,,,1.0
2026-03-23,CM,17,17,17,0.4563
2026-03-23,COHR,26,28,27,0.7824
2026-03-23,FIVE,11,18,18,0.4906
2026-03-23,FIX,4,4,5,0.1134
2026-03-23,FORM,16,13,9,0.297
2026-03-23,FRO,25,25,24,0.6849
2026-03-23,FTAI,10,8,13,0.4053
2026-03-23,GMED,9,11,8,0.2887
2026-03-23,GRMN,19,19,19,0.5227
2026-03-23,HAS,22,22,22,0.5675
2026-03-23,KEYS,32,,,0.8683
2026-03-23,LITE,33,,,0.94
2026-03-23,LRCX,23,23,23,0.6514
2026-03-23,MKSI,18,21,20,0.5267
2026-03-23,MOD,28,24,25,0.7155
2026-03-23,MTSI,21,16,16,0.4492
2026-03-23,MU,1,1,1,0.0065
2026-03-23,NVMI,27,26,28,0.7866
2026-03-23,NVST,20,20,21,0.5486
2026-03-23,SNDK,2,2,2,0.0863
2026-03-23,STRL,15,15,14,0.4079
2026-03-23,STX,3,6,6,0.2097
2026-03-23,TPR,12,10,7,0.2694
2026-03-23,TSEM,34,,,0.97
2026-03-23,TTMI,7,3,4,0.11
2026-03-23,TXN,8,9,15,0.4288
2026-03-23,VIRT,30,29,30,0.7944
2026-03-23,VRT,24,27,26,0.7483
2026-03-23,WWD,13,12,11,0.3157
2026-03-24,ADI,7,5,4,0.1614
2026-03-24,AEIS,28,29,28,0.816
2026-03-24,AROC,26,27,29,0.8377
2026-03-24,BE,3,4,5,0.1724
2026-03-24,CIEN,33,,,1.0
2026-03-24,CM,10,12,13,0.3818
2026-03-24,COHR,25,24,24,0.7603
2026-03-24,FIVE,6,9,9,0.2487
2026-03-24,FIX,4,3,3,0.0851
2026-03-24,FORM,22,19,18,0.4899
2026-03-24,FRO,24,22,21,0.7064
2026-03-24,FTAI,8,7,8,0.2241
2026-03-24,GMED,5,8,7,0.2213
2026-03-24,GRMN,12,15,15,0.4425
2026-03-24,KEYS,31,30,30,0.9011
2026-03-24,LITE,29,,,0.9081
2026-03-24,LRCX,18,21,20,0.6009
2026-03-24,MKSI,16,17,16,0.4785
2026-03-24,MOD,30,28,27,0.809
2026-03-24,MTSI,20,18,19,0.5381
2026-03-24,MU,1,1,1,0.0
2026-03-24,NVMI,23,23,22,0.7437
2026-03-24,NVST,13,16,17,0.4787
2026-03-24,SNDK,2,2,2,0.0421
2026-03-24,STRL,17,14,14,0.4265
2026-03-24,STX,19,11,11,0.346
2026-03-24,TPR,14,13,12,0.359
2026-03-24,TSEM,32,,,0.9697
2026-03-24,TTMI,11,6,6,0.2151
2026-03-24,VIRT,21,25,23,0.7449
2026-03-24,VRT,27,26,25,0.7621
2026-03-24,WWD,9,10,10,0.2721
2026-03-24,ZTO,15,20,26,0.7688
2026-03-25,ADI,7,6,6,0.1794
2026-03-25,AEIS,25,27,26,0.7928
2026-03-25,AROC,27,26,27,0.8171
2026-03-25,BE,4,3,3,0.0892
2026-03-25,CIEN,33,,,1.0
2026-03-25,CM,13,12,12,0.366
2026-03-25,COHR,22,24,23,0.7002
2026-03-25,FIVE,3,5,5,0.1369
2026-03-25,FIX,5,4,4,0.1083
2026-03-25,FORM,28,23,25,0.707
2026-03-25,FRO,19,20,20,0.6381
2026-03-25,FTAI,6,7,8,0.1967
2026-03-25,GMED,8,8,7,0.1939
2026-03-25,GRMN,17,16,15,0.459
2026-03-25,KEYS,26,29,29,0.8542
2026-03-25,LITE,29,30,30,0.8882
2026-03-25,LRCX,14,19,18,0.4919
2026-03-25,MKSI,20,18,19,0.5375
2026-03-25,MOD,31,,,0.8994
2026-03-25,MTSI,24,21,21,0.6551
2026-03-25,MU,1,1,1,0.0
2026-03-25,NVMI,21,22,22,0.6717
2026-03-25,NVST,15,15,13,0.443
2026-03-25,SNDK,2,2,2,0.0309
2026-03-25,STRL,16,17,16,0.4667
2026-03-25,STX,11,11,11,0.3368
2026-03-25,TPR,18,14,14,0.4522
2026-03-25,TSEM,32,,,0.9691
2026-03-25,TTMI,12,10,10,0.3009
2026-03-25,VIRT,23,25,24,0.7018
2026-03-25,VRT,30,28,28,0.8322
2026-03-25,WWD,10,9,9,0.2862
2026-03-25,ZTO,9,13,17,0.4763
2026-03-26,ADI,8,7,7,0.2031
2026-03-26,AEIS,27,27,27,0.8
2026-03-26,AROC,30,29,30,0.8531
2026-03-26,BE,4,4,3,0.0875
2026-03-26,CIEN,32,,,0.9844
2026-03-26,CM,12,11,10,0.3406
2026-03-26,COHR,24,23,24,0.7063
2026-03-26,FIVE,6,5,5,0.1281
2026-03-26,FIX,3,3,4,0.0875
2026-03-26,FORM,19,24,22,0.6656
2026-03-26,FRO,26,22,23,0.7031
2026-03-26,FTAI,7,6,6,0.1844
2026-03-26,GMED,9,9,8,0.2156
2026-03-26,GRMN,15,15,16,0.4375
2026-03-26,KEYS,28,30,29,0.8438
2026-03-26,LITE,22,26,25,0.7656
2026-03-26,LRCX,13,16,14,0.4156
2026-03-26,MKSI,14,17,17,0.475
2026-03-26,MOD,31,,,0.9313
2026-03-26,MTSI,18,21,21,0.6
2026-03-26,MU,1,1,1,0.0
2026-03-26,NVMI,17,20,20,0.575
2026-03-26,NVST,23,18,18,0.55
2026-03-26,SNDK,2,2,2,0.0312
2026-03-26,STRL,11,14,12,0.3969
2026-03-26,STX,10,10,11,0.3469
2026-03-26,TPR,21,19,19,0.5531
2026-03-26,TSEM,33,,,0.9844
2026-03-26,TTMI,5,8,9,0.2281
2026-03-26,VIRT,29,25,26,0.7688
2026-03-26,VRT,25,28,28,0.8094
2026-03-26,WWD,20,13,15,0.4313
2026-03-26,ZTO,16,12,13,0.3969
2026-03-27,ADI,8,8,8,0.2092
2026-03-27,AEIS,26,26,26,0.7725
2026-03-27,AGX,34,,,1.05
2026-03-27,AROC,30,29,,0.8738
2026-03-27,BE,7,7,6,0.1378
2026-03-27,CIEN,32,,,0.9603
2026-03-27,CM,11,11,11,0.3296
2026-03-27,COHR,21,24,23,0.6499
2026-03-27,FIVE,6,4,5,0.1351
2026-03-27,FIX,5,3,3,0.1044
2026-03-27,FORM,17,19,19,0.5799
2026-03-27,FRO,23,23,24,0.6802
2026-03-27,FTAI,3,6,4,0.1178
2026-03-27,GMED,9,9,9,0.24
2026-03-27,GRMN,15,12,14,0.4434
2026-03-27,KEYS,28,27,28,0.8185
2026-03-27,LITE,24,25,25,0.7204
2026-03-27,LRCX,13,15,12,0.3756
2026-03-27,MKSI,10,13,13,0.377
2026-03-27,MOD,22,30,27,0.7869
2026-03-27,MTSI,16,17,17,0.5304
2026-03-27,MU,1,1,1,0.0
2026-03-27,NVMI,14,16,16,0.472
2026-03-27,NVST,18,18,18,0.5513
2026-03-27,SNDK,2,2,2,0.0308
2026-03-27,STRL,27,20,20,0.5814
2026-03-27,STX,12,10,10,0.3135
2026-03-27,TPR,20,22,21,0.5816
2026-03-27,TSEM,33,,,0.9786
2026-03-27,TTMI,4,5,7,0.1517
2026-03-27,VIRT,29,28,29,0.8242
2026-03-27,VRT,31,,30,0.8608
2026-03-27,WWD,25,21,22,0.598
2026-03-27,ZTO,19,14,15,0.4634
2026-03-30,ADI,19,10,12,0.3721
2026-03-30,AEIS,22,27,25,0.6986
2026-03-30,AGX,34,,,1.0053
2026-03-30,AROC,30,29,30,0.8714
2026-03-30,BE,6,22,6,0.1468
2026-03-30,CIEN,28,,,0.8726
2026-03-30,CM,17,13,15,0.395
2026-03-30,COHR,9,20,18,0.4432
2026-03-30,FIVE,6,6,7,0.1502
2026-03-30,FIX,3,4,4,0.0783
2026-03-30,FORM,7,8,10,0.3462
2026-03-30,FRO,25,24,28,0.7092
2026-03-30,FTAI,5,5,5,0.1145
2026-03-30,GMED,15,9,9,0.3286
2026-03-30,GRMN,16,14,17,0.4354
2026-03-30,HAS,26,,,0.9176
2026-03-30,KEYS,21,23,27,0.7083
2026-03-30,LITE,12,16,20,0.5021
2026-03-30,LRCX,14,18,14,0.3753
2026-03-30,MKSI,8,15,8,0.266
2026-03-30,MOD,23,26,26,0.7019
2026-03-30,MTSI,10,7,13,0.375
2026-03-30,MU,1,1,1,0.0
2026-03-30,NVMI,11,11,11,0.3652
2026-03-30,NVST,20,19,21,0.5715
2026-03-30,SNDK,4,2,2,0.0595
2026-03-30,STRL,13,17,19,0.4753
2026-03-30,STX,18,12,16,0.4062
2026-03-30,TPR,27,22,23,0.6801
2026-03-30,TSEM,33,,,0.9615
2026-03-30,TTMI,2,3,3,0.067
2026-03-30,VIRT,32,30,,0.8854
2026-03-30,VRT,29,28,29,0.8345
2026-03-30,WWD,24,25,22,0.6752
2026-03-30,ZTO,31,21,24,0.6986
2026-03-31,ADI,19,14,18,0.474
2026-03-31,AEIS,29,28,26,0.7611
2026-03-31,AGX,34,,,0.9912
2026-03-31,AROC,23,26,27,0.765
2026-03-31,BE,6,22,6,0.1562
2026-03-31,CIEN,32,,,0.8958
2026-03-31,CM,18,13,17,0.4594
2026-03-31,COHR,10,16,12,0.3282
2026-03-31,FIVE,7,6,7,0.1653
2026-03-31,FIX,5,4,5,0.1025
2026-03-31,FORM,9,8,8,0.2711
2026-03-31,FTAI,3,5,3,0.0777
2026-03-31,GMED,13,9,13,0.3538
2026-03-31,GRMN,15,11,14,0.4293
2026-03-31,HAS,26,,28,0.8194
2026-03-31,KEYS,27,24,25,0.734
2026-03-31,LITE,14,12,16,0.4334
2026-03-31,LRCX,17,20,15,0.4299
2026-03-31,MKSI,12,15,10,0.283
2026-03-31,MOD,25,23,24,0.685
2026-03-31,MTSI,8,7,9,0.2764
2026-03-31,MU,1,1,1,0.0
2026-03-31,NVMI,11,10,11,0.3185
2026-03-31,NVST,20,18,20,0.5586
2026-03-31,SNDK,4,3,4,0.078
2026-03-31,STRL,16,17,19,0.4907
2026-03-31,STX,24,19,21,0.5652
2026-03-31,TPR,21,21,22,0.6476
2026-03-31,TSEM,33,,,0.9611
2026-03-31,TTMI,2,2,2,0.0422
2026-03-31,VIRT,30,30,,0.8826
2026-03-31,VRT,28,29,30,0.838
2026-03-31,WWD,22,25,23,0.6666
2026-03-31,ZTO,31,27,29,0.8283
2026-04-01,ADI,15,15,16,0.4883
2026-04-01,AEIS,30,29,29,0.8312
2026-04-01,AGX,33,,,0.9941
2026-04-01,AROC,11,20,19,0.5268
2026-04-01,BE,4,7,5,0.1217
2026-04-01,CIEN,31,,,0.9094
2026-04-01,CM,14,13,15,0.4518
2026-04-01,COHR,12,14,9,0.3008
2026-04-01,FIVE,6,6,7,0.1621
2026-04-01,FIX,5,3,4,0.1106
2026-04-01,FORM,16,10,12,0.3424
2026-04-01,FTAI,2,5,3,0.0573
2026-04-01,GMED,8,9,10,0.3008
2026-04-01,GRMN,10,11,13,0.3561
2026-04-01,KEYS,27,25,26,0.7603
2026-04-01,LITE,26,21,21,0.5735
2026-04-01,LRCX,20,19,17,0.5188
2026-04-01,MKSI,17,16,14,0.3912
2026-04-01,MOD,23,24,24,0.6913
2026-04-01,MTSI,9,8,8,0.2416
2026-04-01,MU,1,1,1,0.0
2026-04-01,NVMI,13,12,11,0.3372
2026-04-01,NVST,18,18,20,0.5501
2026-04-01,SNDK,7,4,6,0.1387
2026-04-01,STRL,21,17,18,0.5195
2026-04-01,STX,29,26,25,0.7466
2026-04-01,TPR,19,22,22,0.616
2026-04-01,TSEM,32,,,0.9635
2026-04-01,TTMI,3,2,2,0.0462
2026-04-01,VIRT,25,28,28,0.821
2026-04-01,VRT,28,30,30,0.832
2026-04-01,WWD,22,23,23,0.6543
2026-04-01,ZTO,24,27,27,0.8086
2026-04-02,ADI,10,11,11,0.3689
2026-04-02,AEIS,31,26,,0.8701
2026-04-02,AGX,33,,,0.9571
2026-04-02,AROC,12,14,12,0.3842
2026-04-02,BE,5,6,5,0.1156
2026-04-02,CIEN,35,,,0.9548
2026-04-02,CM,9,10,9,0.3392
2026-04-02,COHR,26,21,18,0.5148
2026-04-02,DE,13,,26,0.7214
2026-04-02,FIVE,2,3,4,0.0975
2026-04-02,FIX,22,8,10,0.3617
2026-04-02,FORM,19,16,15,0.4463
2026-04-02,FTAI,3,5,2,0.0501
2026-04-02,GMED,7,7,7,0.2241
2026-04-02,GRMN,11,9,8,0.3121
2026-04-02,KEYS,27,27,27,0.7728
2026-04-02,LITE,34,30,28,0.7846
2026-04-02,LRCX,18,18,19,0.518
2026-04-02,MKSI,20,17,17,0.4881
2026-04-02,MOD,24,25,24,0.6803
2026-04-02,MRVL,32,,,0.9929
2026-04-02,MTSI,30,22,21,0.5317
2026-04-02,MU,1,1,1,0.0
2026-04-02,NVMI,16,13,13,0.3874
2026-04-02,NVST,14,15,16,0.4602
2026-04-02,SNDK,4,4,6,0.1173
2026-04-02,STRL,21,20,22,0.5641
2026-04-02,STX,28,29,29,0.7876
2026-04-02,TPR,8,12,14,0.39
2026-04-02,TSEM,36,,,0.9846
2026-04-02,TTMI,6,2,3,0.0962
2026-04-02,VIRT,23,24,25,0.715
2026-04-02,VRT,29,28,30,0.8168
2026-04-02,WDC,25,,,0.8929
2026-04-02,WWD,15,19,20,0.5241
2026-04-02,ZTO,17,23,23,0.626
2026-04-06,ADI,18,12,13,0.3944
2026-04-06,AEIS,30,27,,0.8303
2026-04-06,AGX,33,,,0.9067
2026-04-06,AROC,16,13,12,0.3595
2026-04-06,BE,4,5,5,0.0936
2026-04-06,CART,29,,,0.9284
2026-04-06,CIEN,37,,,0.9654
2026-04-06,CM,14,10,11,0.3255
2026-04-06,COHR,23,22,23,0.5803
2026-04-06,DE,17,25,20,0.5391
2026-04-06,FIVE,3,3,2,0.0668
2026-04-06,FIX,27,20,21,0.5564
2026-04-06,FORM,15,15,16,0.4372
2026-04-06,FTAI,6,6,4,0.091
2026-04-06,GMED,9,7,7,0.2033
2026-04-06,GRMN,21,14,14,0.4122
2026-04-06,KEYS,32,30,30,0.8043
2026-04-06,LITE,25,29,27,0.7634
2026-04-06,LRCX,20,19,19,0.5212
2026-04-06,MCHP,10,,25,0.6716
2026-04-06,MKSI,13,16,15,0.425
2026-04-06,MOD,26,24,26,0.6725
2026-04-06,MRVL,35,,,0.9452
2026-04-06,MTSI,24,23,24,0.6094
2026-04-06,MU,1,1,1,0.0
2026-04-06,NVMI,8,11,8,0.2982
2026-04-06,NVST,7,8,9,0.2988
2026-04-06,SNDK,5,4,6,0.1173
2026-04-06,STRL,12,17,17,0.4451
2026-04-06,STX,36,,,0.8794
2026-04-06,TPR,11,9,10,0.3076
2026-04-06,TSEM,38,,,0.9938
2026-04-06,TTMI,2,2,3,0.0689
2026-04-06,VIRT,34,26,29,0.7845
2026-04-06,VRT,28,28,28,0.7736
2026-04-06,WDC,31,,,0.8311
2026-04-06,WWD,19,18,18,0.4945
2026-04-06,ZTO,22,21,22,0.5647
2026-04-07,ADI,18,15,16,0.4254
2026-04-07,AEIS,32,27,29,0.8371
2026-04-07,AGX,33,,,0.8868
2026-04-07,AMD,24,,,0.8694
2026-04-07,AROC,26,20,21,0.5317
2026-04-07,BE,4,5,4,0.0888
2026-04-07,CART,27,,28,0.8081
2026-04-07,CIEN,37,,,0.9862
2026-04-07,CM,17,10,13,0.3733
2026-04-07,COHR,23,21,24,0.6268
2026-04-07,DE,15,14,14,0.3927
2026-04-07,FIVE,2,2,2,0.0358
2026-04-07,FIX,22,23,23,0.6225
2026-04-07,FORM,10,12,11,0.3414
2026-04-07,FTAI,6,6,6,0.1214
2026-04-07,GMED,12,8,8,0.2519
2026-04-07,GRMN,16,13,17,0.4276
2026-04-07,KEYS,34,30,,0.8583
2026-04-07,LITE,35,,30,0.8554
2026-04-07,LRCX,19,18,19,0.5012
2026-04-07,MCHP,11,26,18,0.4319
2026-04-07,MKSI,13,16,12,0.3725
2026-04-07,MOD,21,22,22,0.6119
2026-04-07,MRVL,30,29,,0.8556
2026-04-07,MTSI,25,24,25,0.6855
2026-04-07,MU,1,1,1,0.0
2026-04-07,NVMI,9,9,9,0.2536
2026-04-07,SNDK,3,4,3,0.0774
2026-04-07,STRL,8,11,10,0.3007
2026-04-07,TIGO,28,,,0.925
2026-04-07,TPR,7,7,7,0.2044
2026-04-07,TSEM,36,,,0.9861
2026-04-07,TTMI,5,3,5,0.0922
2026-04-07,VIRT,29,25,26,0.7822
2026-04-07,WDC,31,28,27,0.7971
2026-04-07,WWD,14,17,15,0.4065
2026-04-07,ZTO,20,19,20,0.5256
2026-04-08,ADI,21,16,18,0.4967
2026-04-08,AEIS,36,29,,0.8756
2026-04-08,AGX,32,,,0.8475
2026-04-08,AMD,25,30,30,0.7275
2026-04-08,AROC,22,20,22,0.5657
2026-04-08,AVGO,8,,25,0.6421
2026-04-08,BE,4,5,4,0.0807
2026-04-08,CART,13,19,19,0.5259
2026-04-08,CIEN,39,,,0.9946
2026-04-08,CM,14,11,13,0.3747
2026-04-08,COHR,29,23,27,0.6707
2026-04-08,DE,18,14,15,0.4268
2026-04-08,FAF,11,,28,0.6816
2026-04-08,FIVE,2,2,2,0.0323
2026-04-08,FIX,26,25,26,0.6445
2026-04-08,FORM,31,22,20,0.5454
2026-04-08,FTAI,5,6,6,0.1213
2026-04-08,GMED,12,8,8,0.2796
2026-04-08,GRMN,19,18,17,0.47
2026-04-08,KEYS,34,,,0.8768
2026-04-08,LITE,37,,,0.8867
2026-04-08,LRCX,28,21,23,0.608
2026-04-08,MCHP,15,12,10,0.3162
2026-04-08,MKSI,23,17,16,0.4543
2026-04-08,MOD,30,26,29,0.6834
2026-04-08,MRVL,33,,,0.8465
2026-04-08,MTSI,24,24,24,0.627
2026-04-08,MU,1,1,1,0.0
2026-04-08,NVMI,20,13,12,0.3545
2026-04-08,SNDK,3,3,3,0.0646
2026-04-08,STRL,16,9,9,0.3152
2026-04-08,TIGO,9,28,21,0.5503
2026-04-08,TPR,10,7,7,0.2225
2026-04-08,TSEM,38,,,0.9785
2026-04-08,TTMI,6,4,5,0.1045
2026-04-08,VIRT,27,27,,0.7538
2026-04-08,WDC,35,,,0.8595
2026-04-08,WWD,17,15,14,0.4162
2026-04-08,ZTO,7,10,11,0.3508
2026-04-09,ADI,19,17,20,0.4892
2026-04-09,AEIS,36,,,0.9091
2026-04-09,AGX,34,,,0.8567
2026-04-09,AMD,22,20,25,0.5936
2026-04-09,AROC,18,18,22,0.5284
2026-04-09,AVGO,8,23,14,0.3674
2026-04-09,BE,5,4,4,0.093
2026-04-09,CART,15,14,17,0.4234
2026-04-09,CIEN,39,,,1.0
2026-04-09,CM,13,13,12,0.3494
2026-04-09,COHR,30,26,,0.7249
2026-04-09,DE,17,15,16,0.4225
2026-04-09,FAF,11,27,18,0.4305
2026-04-09,FIVE,2,2,2,0.0266
2026-04-09,FIX,23,29,26,0.6035
2026-04-09,FORM,33,,30,0.7079
2026-04-09,FTAI,3,3,3,0.0857
2026-04-09,GMED,7,8,8,0.2269
2026-04-09,GRMN,21,21,19,0.4886
2026-04-09,KEYS,35,,,0.8912
2026-04-09,LITE,32,,,0.881
2026-04-09,LRCX,29,25,27,0.6816
2026-04-09,MCHP,9,10,9,0.2713
2026-04-09,MKSI,25,19,23,0.5561
2026-04-09,MOD,28,30,28,0.6953
2026-04-09,MRVL,37,,,0.8874
2026-04-09,MTSI,20,24,24,0.5649
2026-04-09,MU,1,1,1,0.0
2026-04-09,NVMI,24,22,21,0.4971
2026-04-09,SNDK,26,7,13,0.3558
2026-04-09,STRL,14,11,10,0.3284
2026-04-09,TIGO,16,16,15,0.4105
2026-04-09,TPR,10,9,7,0.2228
2026-04-09,TSEM,38,,,0.9734
2026-04-09,TTMI,6,5,5,0.1275
2026-04-09,VIRT,27,28,29,0.7029
2026-04-09,WDC,31,,,0.8298
2026-04-09,WWD,12,12,11,0.3433
2026-04-09,ZTO,4,6,6,0.1924
