symbol,name,market,mc_krw,eps_trend_ok,fy_complete_0y,fy_complete_1y,snap_ok_count,0y_current,0y_7d,0y_30d,0y_60d,0y_90d,1y_current,1y_90d,endDate_0y_ok,endDate_1y_ok,rev_ok_0y,up7,up30,dn30,dn7,na,rev_growth,op_margin,gross_margin,fwd_pe,fwd_eps,earn_date_present,error
005930.KS,SamsungElec,KS,1186887403361000.0,True,True,True,5,43656.223,42877.54,34773.367,24894.336,21307.426,51203.273,22808.857,True,True,True,9,20,3,3,36,0.693,0.42718,0.47674,5.6637006,,True,
005380.KS,HyundaiMtr,KS,106883553852000.0,True,True,True,5,44433.69,44370.844,45205.598,47006.9,47301.918,49662.477,51729.957,True,True,True,9,2,15,7,31,0.034,0.05475,0.17708,13.954197,,True,
000660.KS,SK hynix,KS,721967495745000.0,True,True,True,5,294399.22,292667.16,215432.33,188427.95,164505.56,376562.03,176893.7,True,True,True,1,26,0,0,38,1.981,0.71535003,0.59647,5.154529,,True,
402340.KS,SKSQUARE,KS,80705227265000.0,True,True,True,5,158899.11,154696.98,163839.28,153441.25,123785.61,201982.39,103948.37,True,True,True,3,3,0,0,10,1.081,-0.11807,0.97103995,5.7777314,,True,
373220.KS,LG Energy Solution,KS,86814000000000.0,True,True,True,5,2315.5833,2686.6643,3307.5625,3680.162,3766.0632,8687.075,9610.384,True,True,True,1,1,6,5,30,,0.19408001,0.17883,50.189503,,True,
207940.KS,SAMSUNG BIOLOGICS,KS,73371157335000.0,True,True,True,5,40933.105,40913.598,39525.504,37825.32,37475.453,48468.535,46159.53,True,True,True,6,6,3,2,25,,0.46221,0.55152,29.283548,,True,
012450.KS,HANWHA AEROSPACE,KS,70899676375000.0,True,True,True,5,44091.83,45199.93,48430.69,49191.78,49305.3,54738.91,57038.566,True,True,True,2,1,8,7,21,0.745,0.095249996,0.20352,23.52988,,True,
000270.KS,KIA CORP.,KS,66565416159000.0,True,True,True,5,21560.646,21561.31,21946.033,21987.611,21648.334,23577.922,23789.467,True,True,True,0,10,14,0,30,0.035,0.065560006,0.19638,7.409474,,True,
034020.KS,Doosan Enerbility,KS,68091649819800.0,True,True,True,5,628.70575,628.70575,655.11304,674.1752,811.6896,1004.2572,1179.7239,True,True,True,3,4,4,4,21,0.059,0.03372,0.16082,115.70741,,False,
329180.KS,HD HYUNDAI HEAVY INDUSTRIES,KS,59513014575000.0,True,True,True,5,29838.547,25876.225,25351.383,25787.973,25892.525,33197.746,31809.527,True,True,True,8,8,0,0,23,0.296,0.1106,0.16833,20.39295,,True,
105560.KS,KBFinancialGroup,KS,58052815843500.0,True,True,True,5,17647.672,17585.252,17544.242,17470.943,16660.73,18903.162,17899.023,True,True,True,10,10,1,1,20,6.874,0.08885,0.0,8.183816,,True,
028260.KS,SAMSUNG C&T,KS,49463174304000.0,True,True,True,5,17042.197,15349.875,15379.072,15398.595,15301.355,17846.936,16977.514,True,True,True,2,2,0,0,16,0.084,0.074939996,0.18868999,24.233852,,True,
068270.KS,Celltrion,KS,46671748722000.0,True,True,True,5,6209.368,6546.989,6026.181,5926.4785,5917.3096,7461.494,6844.3027,True,True,True,10,11,3,2,24,0.251,0.35382,0.59268004,25.799122,,True,
032830.KS,SAMSUNG LIFE,KS,46100000000000.0,True,True,True,5,13844.051,13816.346,13639.408,13466.439,13428.442,15471.062,14251.84,True,True,True,1,3,1,0,18,,-0.83023,0.58278,20.813051,,True,
055550.KS,ShinhanGroup,KS,45804145836500.0,True,True,True,5,11785.393,11578.175,11592.087,11541.628,11242.003,12881.762,12190.595,True,True,True,8,7,2,2,20,0.066,0.5145,0.0,7.4058194,,True,
042660.KS,Hanwha Ocean,KS,39833741220000.0,True,True,True,5,4689.391,4479.2856,4591.019,4623.1514,4422.4463,6005.159,5479.5537,True,True,True,6,6,2,1,20,0.021,0.074489996,0.14396,19.866251,,True,
012330.KS,Mobis,KS,37472556779000.0,True,True,True,5,47602.016,47211.246,49138.7,49422.9,49620.36,53016.605,54241.125,True,True,True,0,4,19,0,29,0.047,0.06044,0.14446999,12.260309,,True,
006800.KS,MIRAE ASSET SEC,KS,37039604413600.0,True,True,True,5,4846.9,4126.737,4130.584,3754.5042,3573.5454,3511.9946,3220.992,True,True,True,0,3,1,1,11,0.793,0.33001,0.95739,20.330328,,False,
009150.KS,SamsungElecMech,KS,35815627232000.0,True,True,True,5,17135.057,17097.664,15394.855,14391.113,13697.6875,26290.979,17553.309,True,True,True,16,17,0,0,27,0.164,0.08253,0.20128,38.910686,,True,
035420.KS,NAVER,KS,34586006679000.0,True,True,True,5,12859.411,13913.968,13909.444,13913.278,14091.354,15037.916,15862.513,True,True,True,0,1,11,12,26,,0.16713,0.69204,13.898202,,True,
267260.KS,HD HYUNDAI ELECTRIC,KS,34533155330000.0,True,True,True,5,27322.604,27234.158,26847.195,26636.766,26155.982,34287.59,32521.424,True,True,True,4,5,2,1,20,0.426,0.2759,0.34030998,36.543835,,True,
010130.KS,KOREA ZINC,KS,33647226028000.0,True,True,True,5,60115.0,69481.664,66772.664,46720.49,43411.09,62261.58,45588.086,True,True,True,0,1,0,1,4,0.398,0.08934,0.10849,24.204334,,False,
086790.KS,HANAFINANCIALGR,KS,31506482144800.0,True,True,True,5,16240.621,15714.741,15593.524,15539.148,15293.641,17546.543,16450.643,True,True,True,8,9,0,0,21,0.829,0.3037,0.0,7.0042286,,True,
006400.KS,"SAMSUNG SDI CO.,LTD.",KS,32435675825000.0,True,True,True,5,4250.6016,1033.8677,535.9412,455.25555,3952.152,16741.043,17842.846,True,True,True,9,10,2,1,31,0.028,-0.09822,0.11018,37.30353,,True,
015760.KS,KEPCO,KS,31006864919100.0,True,True,True,5,14277.346,14850.652,16283.339,16455.332,16238.767,16945.04,17053.033,True,True,True,0,0,7,2,20,0.007,0.082320005,0.16978,2.3076353,,True,
009540.KS,HDKSOE,KS,29264683466000.0,True,True,True,5,49552.133,46677.7,46477.65,47006.27,47673.945,57608.38,57270.43,True,True,True,3,4,3,3,16,0.138,0.12722999,0.17766,7.6290984,,True,
042700.KS,HANMISemi,KS,29260845400000.0,True,True,True,5,3775.5142,3775.5142,3775.206,3775.206,4063.098,5324.9497,5403.831,True,True,True,1,1,0,0,9,-0.445,0.33280998,0.5756,73.14623,,True,
272210.KS,HANWHA SYSTEMS,KS,26637633849000.0,True,True,True,5,1248.8572,726.0,1449.4286,1449.4286,1433.7142,2283.375,1841.05,True,True,True,0,0,2,0,13,0.498,0.00378,0.10691,49.8823,,False,
005490.KS,POSCO Holdings,KS,27355337776000.0,True,True,True,5,24117.9,21800.535,22696.389,22580.684,22598.848,31622.41,30399.4,True,True,True,7,5,4,2,22,0.025,0.03949,0.07661,15.289789,,True,
010120.KS,LS ELECTRIC,KS,26190000000000.0,True,True,True,5,3269.2124,3269.2124,3021.1382,3012.6423,3006.3767,4343.169,3898.3381,True,True,True,11,14,2,3,21,0.121,0.08438,0.21172,63.778316,,True,
298040.KS,HYOSUNG HEAVY,KS,25111007764000.0,True,True,True,5,85232.23,84237.31,83222.055,83222.055,83037.86,122144.38,112932.11,True,True,True,5,7,6,7,16,0.109,0.12913999,0.20988001,32.674446,,False,
034730.KS,SK,KS,25085935238000.0,True,True,True,5,0.0,0.0,65553.0,65553.0,65553.0,0.0,31643.0,True,True,True,1,1,0,0,11,0.012,0.00959,0.07779,7.665479,,True,
010140.KS,SamsungHvyInd,KS,25080000000000.0,True,True,True,5,1268.9396,1409.6786,1419.4332,1420.7001,1419.4591,1752.4156,1811.4968,True,True,True,1,1,10,10,23,0.051,0.10438,0.12904,17.17629,,False,
316140.KS,WooriFinancialGroup,KS,24664964352000.0,True,True,True,5,4380.0107,4565.7627,4573.907,4550.0156,4478.384,4895.7705,4792.834,True,True,True,2,2,8,7,19,-0.027,0.31311,0.0,6.444338,,True,
035720.KS,Kakao,KS,22138321400000.0,True,True,True,5,1504.0404,1441.3982,1463.1813,1476.5879,1492.2856,1744.9197,1744.1871,True,True,True,7,7,6,3,26,0.09,0.095369995,0.94061995,25.731844,,True,
000810.KS,SamsungF&MIns,KS,22016337667500.0,True,True,True,5,51243.53,51127.71,47672.76,47672.76,50111.07,56929.99,53916.49,True,True,True,1,1,3,1,18,0.049,0.072270006,0.20955,9.186723,,True,
051910.KS,LGCHEM,KS,21424776100500.0,True,True,True,5,2649.8748,-1075.9941,-577.32715,548.9669,2381.263,25051.63,22868.697,True,True,True,5,6,3,1,25,,-0.03688,0.17002001,15.368261,,True,
267250.KS,HD HYUNDAI,KS,20617195185000.0,True,True,True,5,18261.09,18262.404,20244.8,19050.342,18169.4,21509.25,19305.8,True,True,True,0,0,2,1,5,0.096,0.10515001,0.14067,12.824852,,False,
064350.KS,HYUNDAI ROTEM,KS,20333209185900.0,True,True,True,5,8464.204,8605.066,9030.035,9184.975,9184.975,12772.498,13745.6455,True,True,True,0,1,10,1,18,0.239,0.15383,0.23091999,16.598162,,True,
086520.KQ,ECOPRO,KQ,20515776567200.0,True,True,True,5,2101.4849,705.5445,705.5445,705.5445,705.5445,1808.8595,1951.887,True,True,True,0,0,1,1,1,,,,,,False,
011200.KS,HMM,KS,19666511674500.0,True,True,True,5,1235.8,1220.7273,1207.0,1176.7273,1193.5,1175.5,1208.5,True,True,True,1,2,0,0,9,-0.142,0.11705,0.18685,16.639729,,True,
066570.KS,LGELECTRONICS,KS,18927398169400.0,True,True,True,5,12337.15,11232.662,10645.68,10609.102,10590.602,15326.246,12275.664,True,True,True,4,11,1,2,26,0.043,0.070539996,0.23743,13.767233,,True,
196170.KQ,Alteogen,KQ,19262083680000.0,True,True,True,5,5827.4194,5432.0386,5432.0386,6328.708,6262.4067,9755.154,10141.56,True,True,True,0,1,1,0,4,0.269,0.30443,0.76716006,39.056274,,False,
024110.KS,IBK,KS,18898993095300.0,True,True,True,5,3457.6147,3390.6423,3402.429,3405.395,3457.1577,3643.4045,3626.4302,True,True,True,9,7,2,0,17,0.093,0.79608,0.0,5.8187337,,True,
000720.KS,HyundaiEng&Const,KS,18874802167500.0,True,True,True,5,4849.688,4815.6255,4592.878,4581.2017,4575.9106,6559.2974,6539.734,True,True,True,1,8,4,0,20,0.112,0.010829999,0.06375,25.078905,,True,
138040.KS,Meritz Financial,KS,18742241175700.0,True,True,True,5,15772.378,15816.038,15816.038,15816.038,15844.534,17621.182,17776.805,True,True,True,2,2,2,2,6,-0.007,0.33416,0.0,6.1914124,,False,
096770.KS,SK Innovation,KS,18646522516400.0,True,True,True,5,1669.7115,2969.664,1677.8727,599.37823,599.37823,5830.5654,5837.259,True,True,True,0,4,0,0,21,,-0.00336,0.05328,21.71316,,True,
000250.KQ,SCD,KQ,18648690240000.0,True,False,False,0,,,,,,,,False,False,False,,,,,,,,,,,False,
000150.KS,DOOSAN,KS,18606716415000.0,True,True,True,5,23606.604,22265.58,23663.105,25847.21,18666.516,40251.504,24582.23,True,True,True,1,3,1,0,10,0.094,0.039920002,0.1719,40.793507,,False,
047810.KS,KOREA AEROSPACE,KS,18559260372800.0,True,True,True,5,3583.6267,3862.306,3777.8882,3931.9138,4107.164,5271.2183,5316.625,True,True,True,1,1,8,7,22,0.34,0.05248,0.15213999,31.358974,,False,
033780.KS,KT&G,KS,18004233265000.0,True,True,True,5,12350.186,11379.446,11383.99,11363.422,10979.234,13131.3955,12489.548,True,True,True,12,12,1,0,19,0.101,0.14175001,0.47486,14.332064,,True,
247540.KQ,ECOPROBM,KQ,18558433329800.0,True,True,True,5,365.43167,373.3279,418.05258,445.93848,441.56924,1070.303,1032.4221,True,True,True,1,4,3,1,23,0.069,0.083620004,0.10656,193.20436,,True,
003670.KS,POSCO FUTURE M,KS,17611351560000.0,True,True,True,5,572.8413,562.2481,475.23624,522.2531,520.81104,1181.7495,1324.4316,True,True,True,1,1,1,1,26,-0.229,-0.09328,0.0865,207.74284,,True,
086280.KS,HYUNDAIGLOVIS,KS,17287500000000.0,True,True,True,5,22636.182,22643.36,23849.42,23792.969,23792.969,24341.553,25385.6,True,True,True,3,4,11,12,20,0.082,0.066750005,0.092130005,10.845652,,True,
017670.KS,SKTelecom,KS,16796582144600.0,True,True,True,5,5615.436,5511.464,5529.019,5513.6987,5530.29,6133.326,5837.6836,True,True,True,10,12,4,3,25,-0.014,0.1224,0.70408994,16.892765,,True,
079550.KS,LIG Defense&Aerospace,KS,15444000000000.0,True,True,True,5,17714.594,17475.477,17369.346,17052.611,18510.738,24279.178,24473.82,True,True,True,5,6,4,4,20,0.203,0.02785,0.15389,36.20386,,False,
352820.KS,HYBE,KS,15267551407000.0,True,True,True,5,6139.2026,9745.628,10079.214,9882.017,9195.062,9804.237,10220.039,True,True,True,2,6,8,1,26,-0.014,0.0057099997,0.35317,24.683205,,False,
030200.KS,KT,KS,14944885920500.0,True,True,True,5,5948.5425,6027.2905,6092.6533,6154.301,6021.2734,6454.7676,6512.5767,True,True,True,1,2,8,3,24,0.041,0.03225,1.0,9.125038,,True,
003550.KS,LG Corp.,KS,13957053442500.0,True,True,True,5,9267.833,8430.079,8386.625,8332.87,8504.57,10618.832,10904.434,True,True,True,2,2,1,1,13,-0.146,-0.27694,0.18666,10.829816,,True,
278470.KS,APR,KS,13814679195000.0,True,True,True,5,14510.881,13449.271,12242.708,11625.046,11648.714,18894.76,14274.47,True,True,True,15,18,0,1,26,1.242,0.23788,0.76613,22.532703,,True,
277810.KQ,Rainbow Robotics,KQ,13929098044000.0,True,True,True,5,276.0,966.5,966.5,1657.0,1657.0,1188.0,13916.0,True,True,True,0,0,0,0,1,0.349,0.13057,0.34903,694.44446,,False,
0126Z0.KS,SAMSUNG EPIS HOLDINGS,KS,13237782068000.0,True,True,True,5,16590.0,18260.0,18260.0,0.0,0.0,18220.0,0.0,True,True,True,0,0,0,0,1,,-0.25285,0.36157,28.100988,,False,
005830.KS,DB INSURANCE,KS,12801348000000.0,True,True,True,5,26104.879,27043.979,27048.928,27048.928,25514.188,28529.26,27011.99,True,True,True,1,0,3,1,17,0.106,0.068169996,0.24452999,5.866528,,True,
071050.KS,KIH,KS,12761252168000.0,True,True,True,5,35963.91,35648.273,34042.625,33639.332,29444.916,35791.816,30482.584,True,True,True,2,2,0,1,12,-0.032,-0.74541,0.0,7.1245337,,False,
047050.KS,POSCO INTERNATIONAL,KS,12631256178400.0,True,True,True,5,5042.6665,4557.3,4504.4,4439.5557,4439.5557,5278.4165,4686.636,True,True,True,5,5,0,0,12,,0.03582,0.05963,14.057246,,False,
010950.KS,S-Oil,KS,12519206470400.0,True,True,True,5,18776.793,10687.295,9405.701,8896.685,8475.065,11575.359,9587.22,True,True,True,0,3,0,0,18,-0.005,0.13768,1.0,9.796672,,True,
018260.KS,SAMSUNG SDS,KS,12496514700000.0,True,True,True,5,9281.441,9383.803,10669.351,10761.112,10781.77,11467.063,11925.065,True,True,True,1,1,4,4,17,-0.039,0.02326,0.13978,15.705852,,True,
039490.KS,KIWOOM,KS,12173354003000.0,True,True,True,5,58753.824,57886.508,56081.34,53836.723,53306.05,56092.586,51387.832,True,True,True,2,3,2,3,15,0.687,0.37222,0.97213,7.371741,,False,
005940.KS,NHIS,KS,11901901924600.0,True,True,True,5,3936.4443,3322.0,3263.2856,3248.3333,2672.6365,3466.9167,2726.6365,True,True,True,1,3,0,0,13,1.849,0.2585,0.97203004,9.778141,,True,
307950.KS,HyundaiAutoever,KS,11682616332000.0,True,True,True,5,7609.351,8164.351,8211.326,8208.743,8244.659,9992.75,10296.454,True,True,True,0,0,8,10,15,0.141,0.05781,0.104779996,67.84919,,False,
323410.KS,KakaoBank,KS,11759133047050.0,True,True,True,5,1301.6917,1226.7959,1265.755,1283.6771,1287.0435,1385.1332,1287.2958,True,True,True,7,6,1,2,18,0.089,0.46231997,0.0,16.243925,,False,
259960.KS,KRAFTON,KS,10997865112000.0,True,True,True,5,24315.059,21654.416,21474.373,20744.338,23407.041,25908.021,25792.514,True,True,True,13,13,2,0,23,0.489,0.00266,1.0,10.846062,,True,
007660.KS,ISUPETASYS,KS,9506493860500.0,True,True,True,5,3575.0461,3612.3225,3598.3901,3574.6025,3604.0,5281.7866,4599.4546,True,True,True,1,1,0,0,14,0.318,0.19068001,0.25843,24.575018,,False,
000880.KS,Hanwha,KS,9114982176000.0,True,True,True,5,11423.5,11314.929,9900.667,9900.667,12371.167,17584.824,15747.688,True,True,True,1,1,0,1,10,0.173,0.01872,0.13423,8.086518,,True,
298380.KQ,ABL Bio,KQ,10637617970000.0,True,True,True,5,-121.8,-382.4,-382.4,-382.4,-404.0,214.25,-12.5,True,True,True,0,0,0,0,5,,80203880.0,0.99848,573.1622,,False,
006260.KS,LS,KS,9063600000000.0,True,True,True,5,15920.817,15854.575,15716.66,16911.55,22886.0,19723.096,23113.16,True,True,True,1,1,0,0,7,,0.03339,0.08891,26.010117,,False,
003490.KS,KAL,KS,9039817227550.0,True,True,True,5,815.4,815.4,2363.0422,2707.6726,2558.801,3035.7273,3471.5454,True,True,True,1,0,3,2,13,0.443,0.02385,0.1457,8.647021,,False,
016360.KS,SamsungSecu,KS,8804980000000.0,True,True,True,5,17911.666,13914.091,13914.091,13657.3,13517.5,14920.0,13126.7,True,True,True,1,1,0,0,13,0.286,0.22722,0.97268,8.558981,,True,
009830.KS,HANWHA SOLUTIONS,KS,8551653666000.0,True,True,True,5,1607.9829,583.4174,583.4174,808.36035,812.2902,3655.5164,3212.9668,True,True,True,2,2,0,0,17,,0.02385,0.09887,12.611077,,True,
058470.KQ,LEENO,KQ,8924407635000.0,True,True,True,5,2411.411,2428.6494,2413.3794,2487.6812,2204.9517,3039.6455,0.0,True,True,True,1,1,1,1,14,-0.03,0.32919,0.40129003,35.23437,,False,
003230.KS,SamyangFood,KS,8286316500000.0,True,True,True,5,74798.49,70911.27,70957.086,71741.266,71867.586,87912.7,90325.69,True,True,True,1,3,8,2,19,0.332,0.21812001,0.44744998,16.129637,,False,
180640.KS,HANJINKAL,KS,8545571712000.0,True,False,False,0,,,,,,,,True,False,False,,,,,,0.128,0.15564999,0.42141998,,,True,
377300.KS,kakaopay,KS,8140499609200.0,True,True,True,5,946.58044,801.21875,787.1112,773.7001,1022.2837,1073.9614,917.43616,True,True,True,4,5,1,2,11,0.237,0.07718,1.0,48.6051,,True,
443060.KS,HDHMS,KS,7988943897000.0,True,True,True,5,7909.6396,7801.6,7744.6,7828.7114,8105.65,9677.203,10149.337,True,True,True,3,4,0,0,10,0.114,0.1754,0.22923,22.888845,,False,
090430.KS,AMOREPACIFIC,KS,7878974637300.0,True,True,True,5,5781.121,5748.0044,5820.512,5810.3525,5692.0938,6624.252,6377.2036,True,True,True,7,8,4,0,27,0.066,0.04517,0.72330004,18.900248,,True,
950160.KQ,Kolon TissueGene,KQ,8092515762000.0,True,False,False,0,,,,,,,,True,False,False,,,,,,,,,,,False,
000100.KS,Yuhan,KS,7861218218700.0,True,True,True,5,1653.4286,2070.1995,2101.6228,2171.8728,2328.6013,2948.153,3440.6985,True,True,True,0,0,4,3,20,0.101,0.04948,0.33319,29.64568,,False,
326030.KS,SKBP,KS,7635541875000.0,True,True,True,5,3536.3726,3399.4258,3376.162,3376.162,3525.6592,4636.945,4946.0586,True,True,True,2,3,1,1,12,0.192,0.23811,0.9393,21.43653,,True,
087010.KQ,PEPTRON,KQ,7403258625000.0,True,False,False,0,,,,,,,,True,False,False,,,,,,,,,,,False,
161390.KS,HANKOOK TIRE & TECHNOLOGY,KS,7060878933000.0,True,True,True,5,11381.659,11761.614,11966.322,12241.878,12241.878,12392.335,12950.389,True,True,True,1,1,3,2,17,1.155,0.10023,0.21707001,4.9062586,,True,
141080.KQ,LCB,KQ,7318406566200.0,True,True,True,5,1375.0,1350.0,1350.0,1350.0,1350.0,78.0,49.0,True,True,True,0,0,1,1,6,-0.526,-4.58395,0.89009005,103.17999,,False,
029780.KS,SAMSUNG CARD,KS,6928361681800.0,True,True,True,5,6137.0,6137.0,6137.0,6137.0,5909.6665,6207.0,6275.3335,True,True,True,0,0,0,0,3,0.248,0.22208,0.36618,8.103754,,True,
011070.KS,LG Innotek,KS,6768792602000.0,True,True,True,5,32670.186,32564.984,25810.662,24411.86,24401.096,37499.773,28425.277,True,True,True,14,15,0,0,25,0.148,0.042680003,0.0799,20.080122,,True,
047040.KS,DWEC,KS,6720618056460.0,True,True,True,5,1178.34,736.9293,743.34015,745.61346,763.0401,1015.8575,930.208,True,True,True,1,1,0,0,13,-0.352,-0.67594004,0.0296,30.712969,,True,
032640.KS,LG Uplus,KS,6713918905100.0,True,True,True,5,1741.524,1737.4503,1754.0092,1746.8842,1759.8845,1897.8053,1914.1874,True,True,True,5,6,7,6,24,0.025,0.06257,0.77434,8.615214,,True,
128940.KS,HanmiPharm,KS,6648904329000.0,True,True,True,5,14492.484,13460.11,14256.455,14256.455,14636.517,16710.12,17391.15,True,True,True,2,2,3,2,15,0.231,0.12644,0.5715,26.48096,,True,
028300.KQ,HLB,KQ,6709122201600.0,True,False,False,0,,,,,,,,True,False,False,,,,,,0.136,-0.85353,0.32716,,,False,
052690.KS,KEPCO E&C,KS,6420960000000.0,True,True,True,5,1700.0378,1746.307,1744.1959,1726.7562,1695.42,2264.0796,2143.085,True,True,True,1,1,1,1,12,-0.016,0.12864,0.27091,67.13545,,False,
028050.KS,SamsungE&A,KS,6389600000000.0,True,True,True,5,3635.1658,3632.5774,3608.907,3639.9478,3634.8762,4114.8877,3909.0342,True,True,True,6,10,4,5,20,0.081,0.083000004,0.0,13.098778,,False,
267270.KS,HD CE,KS,6318191340600.0,True,True,True,5,11368.0,10979.0,8699.333,8699.333,9281.667,12797.0,10623.0,True,True,True,1,1,0,0,6,0.2,0.03508,0.19274001,13.432836,,False,
064400.KS,LG CNS,KS,6287898025200.0,True,True,True,5,4941.722,4924.8765,5022.7324,5007.056,5007.056,5468.549,5351.6704,True,True,True,2,1,0,0,8,-0.044,0.10953,0.15537,15.378852,,False,
078930.KS,GS,KS,6076665721200.0,True,True,True,5,9392.25,9356.37,9356.37,9077.617,8975.252,10374.399,9520.143,True,True,True,0,1,0,0,7,0.014,0.15014,0.24801001,7.2486124,,True,
241560.KS,Doosan Bobcat,KS,5923904817000.0,True,True,True,5,5605.6665,5178.515,5054.1807,5054.1807,5466.3467,6444.754,6248.0806,True,True,True,1,1,0,0,8,0.062,0.12125,0.22247,10.861547,,True,
240810.KQ,WONIK IPS,KQ,5934243630900.0,True,True,True,5,3531.9207,3040.2537,2990.565,2990.565,2689.6816,4484.1997,3854.1248,True,True,True,4,4,1,0,14,-0.067,0.06257,0.42012,27.318142,,False,
214370.KQ,Caregen,KQ,5908650000000.0,True,False,False,0,,,,,,,,True,False,False,,,,,,,,,,,False,
034220.KS,LG Display,KS,5860000000000.0,True,True,True,5,958.92053,966.10803,1273.0503,1273.0503,1253.3308,1764.795,1802.4724,True,True,True,2,2,6,6,20,-0.088,0.02651,0.13447,8.567567,,True,
310210.KQ,VRNI,KQ,5885926720000.0,True,True,True,5,-2653.6667,-2715.5,-2715.5,-1941.0,-2355.75,-2834.3333,-3492.5,True,True,True,0,0,0,0,3,,-733.3605,1.0,-94.02564,,False,
454910.KS,Doosan Robotics,KS,5781942216000.0,True,True,True,5,-591.6603,-470.94165,-481.9611,-481.9611,-420.1353,-213.67175,-195.02873,True,True,True,0,0,1,1,2,0.132,-1.2652401,0.12655,-479.70776,,False,
001040.KS,CJ,KS,5747868606000.0,True,True,True,5,12622.0,11653.75,15573.714,15294.857,15294.857,18973.166,17997.715,True,True,True,0,1,1,0,8,0.016,0.05903,0.28601998,11.12097,,False,
138930.KS,BNK Financial Group,KS,5734843569840.0,True,True,True,5,2769.3733,2776.2979,2818.6553,2818.6553,2719.7622,3076.6882,2971.265,True,True,True,2,1,7,5,15,0.017,0.17753,0.0,5.63918,,True,
175330.KS,JB Financial Group,KS,5685258236800.0,True,True,True,5,4037.8945,4043.6035,4130.167,4077.201,3991.6309,4407.973,4320.414,True,True,True,1,1,5,4,10,0.155,0.43492,0.0,5.7622857,,True,
001440.KS,Taihan Cable & Solution,KS,5612063730000.0,True,True,True,5,733.0,612.5,645.0,843.0,634.75,965.3333,755.0,True,True,True,1,1,0,0,4,0.21,0.04302,0.07788,67.43784,,False,
088980.KS,MKIF,KS,5478867599920.0,True,True,True,5,722.0,722.0,722.0,722.0,757.5,746.0,802.0,True,True,True,0,0,1,1,3,,,,,,False,
021240.KS,COWAY,KS,5166022098000.0,True,True,True,5,9721.945,9480.478,9386.933,9377.256,9414.272,10941.342,10450.053,True,True,True,6,7,1,1,11,0.133,0.14241,0.64002997,8.719223,,True,
271560.KS,ORION,KS,5163418839200.0,True,True,True,5,12058.954,12035.39,11931.523,11916.999,11788.84,13110.492,12654.068,True,True,True,0,3,1,0,18,0.073,0.18123,0.3671,10.663216,,False,
095340.KQ,ISC,KQ,5182680681000.0,True,True,True,5,4211.2866,4100.919,4181.149,4116.3467,3290.9126,5615.097,3814.4807,True,True,True,1,1,1,1,7,,,,,,False,
022100.KS,POSCO DX,KS,4827102645750.0,True,True,True,5,456.0,469.0,469.0,469.0,469.0,555.0,480.0,True,True,True,0,0,1,1,1,-0.279,-0.0046200003,0.12003,59.45946,,False,
032820.KQ,"WooriTG, Inc.",KQ,4894997635650.0,True,False,False,0,,,,,,,,True,False,False,,,,,,,,,,,False,
039030.KQ,EO Technics,KQ,5081814375000.0,True,True,True,5,9130.202,9130.202,9819.306,8284.904,8146.7837,12101.901,9716.162,True,True,True,0,1,1,0,5,0.116,0.14258,0.36181998,39.002136,,False,
004020.KS,HYUNDAI STEEL,KS,4784031392250.0,True,True,True,5,1421.9886,2160.7424,2289.375,2184.1667,3070.7793,4045.9685,4400.353,True,True,True,0,0,4,4,16,-0.022,0.0078799995,0.065,11.369342,,True,
036570.KS,NC,KS,4761228862000.0,True,True,True,5,15714.215,14806.884,14694.392,15034.823,14497.578,16217.127,16660.943,True,True,True,1,1,1,0,22,-0.013,0.008640001,0.99195,17.173203,,False,
002380.KS,KCC,KS,4745375514000.0,True,True,True,5,100231.75,111341.336,69473.664,82278.0,48918.0,89063.336,39720.5,True,True,True,1,2,0,0,4,-0.061,0.01819,0.25255,6.39994,,False,
062040.KS,SANIL ELECTRIC,KS,4633706840000.0,True,True,True,5,0.0,6603.0,6764.0,6764.0,6707.6665,0.0,9258.5,True,True,True,4,4,0,1,8,0.456,0.86063004,0.73311996,33.9964,,False,
489790.KS,Hanwha Vision,KS,4402587608000.0,True,True,True,5,28.3547,28.3547,29.36735,29.36735,35.329,36.85917,42.21715,True,True,True,0,0,0,0,2,,0.06652,0.52967,2080.8933,,False,
066970.KS,L&F,KS,4361620699800.0,True,True,True,5,832.23785,809.32874,1114.5995,768.0481,768.0481,2614.7578,2803.3572,True,True,True,2,1,4,3,24,0.691,0.13349,-0.03328,63.409313,,False,
088350.KS,HANWHA LIFE,KS,4281852900000.0,True,True,True,5,754.64215,783.1203,783.1203,783.1203,1035.275,940.4142,1281.7366,True,True,True,1,0,2,1,10,0.298,0.07496,0.40311,5.9016547,,True,
450080.KS,ECOPRO MAT,KS,4282916367800.0,True,True,True,5,859.0,507.0,507.0,507.0,507.0,1603.0,1009.0,True,True,True,0,0,0,0,,0.308,0.029040001,-0.07514,41.484715,,False,
018880.KS,Hanon Systems,KS,4217939088720.0,True,True,True,5,215.10272,198.99036,217.63391,221.29805,221.29805,262.33374,251.6429,True,True,True,6,5,4,3,17,0.066,0.03319,0.09279,18.716616,,True,
251270.KS,Netmarble,KS,4179978921000.0,True,True,True,5,4199.692,3866.8896,3911.5403,3877.6597,3868.6597,4204.1396,4161.693,True,True,True,3,5,2,2,21,0.229,0.12943,0.9996,10.180442,,True,
403870.KQ,HPSP,KQ,4254910000000.0,True,True,True,5,872.2351,872.2351,872.2351,872.2351,910.05316,1240.4513,1252.2495,True,True,True,0,0,0,0,7,-0.209,0.52099997,0.73015,42.64577,,False,
082740.KS,Hanwha Engine,KS,4051358744100.0,True,True,True,5,2443.3677,2425.8413,2148.3674,1886.3529,1821.4116,3271.1428,2697.1177,True,True,True,0,3,0,0,7,0.014,0.01712,0.13527,23.294611,,False,
031210.KS,SGIC,KS,3944920287000.0,True,True,True,5,4268.557,3825.128,3825.128,3828.3186,3605.637,4829.8286,4336.337,True,True,True,1,1,0,0,1,0.052,0.3019,0.23079,9.394743,,False,
103590.KS,ILJIN ELECTRIC,KS,3914970519000.0,True,True,True,5,3045.0,3392.3333,3551.5,2799.5,2799.5,3740.75,3109.25,True,True,True,0,0,1,1,4,0.304,0.07204,0.13716,35.233578,,False,
000990.KS,DB HiTek,KS,3824053285200.0,True,True,True,5,6550.0,6176.0,7466.0,7466.0,7466.0,8665.333,8927.333,True,True,True,0,0,1,1,3,0.368,0.18144,0.35812,20.818588,,False,
353200.KS,DaeduckElectronics,KS,3819928302500.0,True,True,True,5,3893.3,3153.889,3048.8572,3026.0,3015.0,5156.4,3765.375,True,True,True,1,1,1,0,10,0.54,0.091070004,0.101330005,28.139788,,False,
108490.KQ,ROBOTIS,KQ,3912278376000.0,True,True,True,5,646.6667,688.0,688.0,748.75,675.6,1728.6666,1542.0,True,True,True,0,0,0,0,3,0.713,0.17714001,0.62172,193.50174,,False,
035250.KS,Kangwonland,KS,3818837925000.0,True,True,True,5,1461.2568,1531.3857,1553.6923,1541.3905,1505.7887,1599.4868,1692.9128,True,True,True,0,0,4,3,13,0.06,0.08163,0.25864,10.021964,,True,
011790.KS,SKC,KS,3752748331800.0,True,True,True,5,-6251.578,-8415.089,-9508.977,-9508.977,-5211.7227,-1868.8479,-984.23773,True,True,True,3,3,1,1,9,0.015,-0.25127,-0.01061,-74.002815,,True,
051900.KS,LG H&H,KS,3718497537000.0,True,True,True,5,12771.654,10015.605,10674.183,10765.017,10962.723,14484.807,14252.139,True,True,True,3,3,2,2,22,-0.085,-0.0495,0.49305,18.433107,,True,
010060.KS,OCI Holdings,KS,3700439982400.0,True,True,True,5,15857.2,13470.0,11688.0,11688.0,13242.25,20965.0,19567.75,True,True,True,1,0,1,2,6,-0.051,0.0339,0.100439996,16.932983,,True,
439260.KS,DAEHAN SHIPBUILDING,KS,3656147008800.0,True,True,True,5,7505.75,7305.3335,7305.3335,6966.5,6379.5,7469.2,6267.25,True,True,True,2,2,0,0,4,0.056,0.27201998,0.26153,9.666363,,False,
226950.KQ,OliX,KQ,3670520729400.0,True,True,True,5,-1548.0,531.0,531.0,531.0,531.0,-1256.0,-1007.0,True,True,True,1,1,0,0,1,99.203,-1.8666201,0.52277,-126.83121,,False,
012510.KS,DOUZONE BIZON,KS,3620023062000.0,True,True,True,5,3636.0,3636.0,3636.0,2812.1428,2818.75,4033.1667,3275.5,True,True,True,3,3,0,0,6,0.141,0.36231998,0.49887002,29.802883,,False,
0009K0.KQ,Aimed Bio,KQ,3640986364300.0,True,True,True,5,170.0,0.0,0.0,0.0,0.0,139.0,0.0,True,True,True,0,0,0,0,,2.33,0.67197996,1.0,,,False,
111770.KS,Youngone Corp,KS,3602522348400.0,True,True,True,5,12739.111,12897.333,12897.333,11640.667,11600.777,13754.777,12733.556,True,True,True,1,1,0,0,10,0.192,0.104169995,0.26976,5.816161,,False,
011170.KS,LOTTE CHEMICAL Corp,KS,3524694525600.0,True,True,True,5,-7098.6006,-14575.624,-15080.17,-13967.634,-13974.234,-4035.3274,-1095.3646,True,True,True,1,1,1,0,17,-0.017,-0.09199,0.01323,-22.25346,,False,
011780.KS,KumhoPetrochem,KS,3493459776400.0,True,True,True,5,14870.943,14094.745,14670.459,14776.281,14596.542,16891.025,18072.176,True,True,True,5,4,2,0,15,-0.12,0.00092,0.0871,8.667325,,True,
017800.KS,Hyundai Elevator,KS,3416674449000.0,True,True,True,5,5130.0,0.0,0.0,9312.0,9312.0,5657.0,10109.0,True,True,True,0,0,0,0,1,-0.193,0.0855,0.24545,16.581226,,False,
214150.KQ,CLASSYS,KQ,3424872097500.0,True,True,True,5,2830.0173,2826.2583,2821.742,2856.6099,2802.2695,3577.276,3458.7766,True,True,True,1,1,3,0,17,0.256,0.54793,0.77516997,14.20075,,False,
347850.KQ,D&D Pharmatech,KQ,3434945427000.0,True,False,False,0,,,,,,,,False,False,False,,,,,,-0.804,-10.51575,0.99404997,,,False,
001720.KS,ShinyoungSecu,KS,3403080000000.0,True,False,False,0,,,,,,,,False,False,False,,,,,,0.483,0.31628,0.98846,,,False,
036460.KS,Kogas,KS,3346346250000.0,True,True,True,5,8156.1963,7934.095,10068.535,10028.981,10093.582,9064.461,9919.655,True,True,True,1,1,3,3,10,-0.099,0.05251,0.07152,4.1260037,,True,
012750.KS,S-1,KS,3336327828400.0,True,True,True,5,4433.825,5465.5713,5468.857,5468.857,5488.8335,5576.125,5709.725,True,True,True,0,0,4,4,8,0.027,0.07122,0.23496,13.217064,,True,
302440.KS,SKBS,KS,3290335706950.0,True,True,True,5,-1207.3,-840.4948,-840.4948,-741.1696,-649.27594,-904.43335,-701.20386,True,True,True,0,0,1,1,5,0.174,-0.2802,0.11541,-45.885082,,True,
319400.KQ,HYUNDAI MOVEX,KQ,3330143566100.0,True,True,True,5,276.0,259.0,259.0,259.0,327.0,395.0,365.0,True,True,True,0,0,0,0,1,-0.081,0.01635,0.18027,108.73418,,False,
214450.KQ,PharmaResearch,KQ,3329882184000.0,True,True,True,5,18949.1,19384.883,19537.592,19575.773,19575.773,22996.184,24607.264,True,True,True,0,0,1,1,14,0.391,0.34772998,0.76678,14.61112,,False,
004170.KS,Shinsegae,KS,3235958225500.0,True,True,True,5,32136.123,28829.756,27613.521,27322.584,26972.01,38435.45,32275.195,True,True,True,1,6,1,0,17,0.062,0.08861,0.60146,13.6592655,,False,
357780.KQ,Soulbrain,KQ,3282554852000.0,True,True,True,5,20842.777,20761.086,20249.834,21959.418,21305.229,24423.477,23735.568,True,True,True,0,1,1,0,13,0.127,0.17527,0.25197,19.039059,,False,
083650.KQ,BHI,KQ,3227498312500.0,True,True,True,5,3369.117,2576.5,2576.5,2576.5,2414.5,3849.075,2658.0,True,True,True,1,1,0,0,2,,,,,,False,
014680.KS,Hanchem,KS,3223450282500.0,True,True,True,5,16409.814,16576.31,15478.098,16433.48,15994.161,19219.453,18477.336,True,True,True,0,0,3,0,12,0.178,0.07587,0.28234,16.831905,,False,
145020.KQ,Hugel,KQ,3223656646000.0,True,True,True,5,13992.095,13134.301,13188.801,13478.572,14895.734,17601.357,17783.486,True,True,True,4,4,1,1,14,0.213,0.48538,0.78446996,16.021492,,True,
004990.KS,LOTTE,KS,3220713575900.0,True,True,True,5,-1951.0,-184.0,-184.0,-184.0,2511.0,-946.0,3112.0,True,True,True,0,0,2,1,2,-0.003,-0.02846,0.28124002,-30.443975,,False,
085620.KS,MIRAE ASSET LIFE,KS,3165049459320.0,True,True,False,5,718.0,933.0,933.0,933.0,933.0,,,True,False,True,0,0,1,1,,-0.043,-0.079380006,0.3751,,,False,
023530.KS,LOTTE SHOPPING,KS,3041041162500.0,True,True,True,5,11524.656,9714.964,9212.734,9066.846,8998.732,12594.753,10417.579,True,True,True,1,2,0,0,12,0.013,0.05489,0.48148,13.434166,,True,
237690.KQ,ST Pharm,KQ,3110698077500.0,True,True,True,5,3238.499,3024.7341,3065.2896,3065.2896,3194.3538,4216.501,4455.9575,True,True,True,0,3,3,0,9,,,,,,False,
097950.KS,CJ CheilJedang,KS,3010837200000.0,True,True,True,5,22640.264,23536.086,23548.697,24477.125,24854.447,30316.807,33599.86,True,True,True,0,1,3,0,16,,0.04512,0.21607,7.5370736,,True,
084370.KQ,Eugenetech,KQ,3022625939800.0,True,True,True,5,3970.612,4206.055,4223.8438,4223.8438,4132.478,5468.8105,5255.119,True,True,True,1,1,1,0,6,,,,,,False,
336260.KS,Doosanfc,KS,3006162023400.0,True,True,True,5,-769.4342,-666.8236,-666.8236,-570.6667,-278.20618,-78.09175,26.80834,True,True,True,1,1,1,1,7,-0.481,-0.56422,-0.13698,-1183.2235,,True,
005850.KS,SLCORP,KS,2995929540000.0,True,True,True,5,7908.5,8019.8335,8383.5,7994.7144,7778.125,8869.0,8546.0,True,True,True,0,0,1,1,7,0.139,0.08059,0.13943,7.464201,,False,
009970.KS,YoungoneHoldings,KS,2990080995500.0,True,False,False,0,,,,,,,,True,False,False,,,,,,0.116,0.16822,0.37717,,,False,
476830.KQ,Rznomics,KQ,2981842188000.0,True,False,False,0,,,,,,,,False,False,False,,,,,,,0.0,0.0,,,False,
009420.KS,HANALL BIOPHARMA,KS,2899355409000.0,True,True,True,5,38.375,38.9,22.3,-4.6,-105.0,242.025,436.14,True,True,True,0,0,0,0,4,0.031,-0.07222,0.52050996,184.89825,,False,
263750.KQ,PearlAbyss,KQ,2955401330000.0,True,True,True,5,2997.5627,0.0,2979.2063,2245.988,2142.2324,1586.3225,1254.4468,True,True,True,0,3,0,0,15,-0.002,-0.08834,0.99885005,31.519442,,False,
440110.KQ,FADU,KQ,2850600609000.0,True,True,True,5,82.51,82.51,82.51,82.51,82.51,273.18,273.18,True,True,True,0,0,1,1,2,-0.004,-1.23527,0.47239,360.56815,,False,
043260.KQ,SUNGHO,KQ,2836912920000.0,True,False,False,0,,,,,,,,False,False,False,,,,,,,,,,,False,
103140.KS,POONGSAN,KS,2799625372200.0,True,True,True,5,9179.6,8798.3,8699.3,8699.3,9335.692,9167.6,9928.846,True,True,True,5,5,1,1,10,0.16,0.06426,0.11378,10.04625,,False,
036930.KQ,JEL,KQ,2835348381000.0,True,True,True,5,2158.0,2279.0,2279.0,2295.4,2206.3333,2599.0,2367.8,True,True,True,1,1,0,0,4,,,,,,False,
457190.KS,ISUSPECIALTYCHEMICAL,KS,2789201885600.0,True,False,False,0,,,,,,,,True,False,False,,,,,,,,,,,False,
051600.KS,KEPCO KPS,KS,2763000000000.0,True,True,True,5,3446.8286,3515.0544,3515.0544,3529.66,3390.7666,3761.9,3913.15,True,True,True,0,0,0,0,11,0.022,0.043670002,0.15066,14.899386,,False,
112610.KS,CSWIND,KS,2736924054700.0,True,True,True,5,4386.406,3767.0,3767.0,4495.661,4201.3105,5545.544,5251.172,True,True,True,2,1,0,0,7,0.164,0.08959,0.15952,10.062133,,False,
140410.KQ,Mezzion Pharma,KQ,2779876780500.0,True,False,False,0,,,,,,,,True,False,False,,,,,,,,,,,False,
279570.KS,Kbank,KS,2722214463210.0,True,True,True,5,348.0,0.0,0.0,0.0,0.0,505.0,0.0,True,True,True,0,0,0,0,,,,,,,False,
058610.KQ,SPG,KQ,2732250752000.0,True,False,False,0,,,,,,,,True,False,False,,,,,,,,,,,False,
064760.KQ,TCK,KQ,2711008380000.0,True,True,True,5,9042.376,8563.315,8152.625,7784.875,7837.775,11772.485,9591.375,True,True,True,2,2,0,0,6,,,,,,False,
001450.KS,Hyundai M&F INS,KS,2708820000000.0,True,True,True,5,8439.406,9210.562,9842.083,9842.083,9842.083,10949.788,11679.51,True,True,True,0,0,3,1,17,0.019,-0.06269,0.18789,2.919432,,True,
028670.KS,PanOcean,KS,2699576035600.0,True,True,True,5,750.7778,681.55554,699.7,699.7,717.4545,835.3,794.1818,True,True,True,6,6,1,0,10,-0.119,0.08834,0.11288,7.3027654,,True,
139130.KS,iM Financial Group,KS,2698492994400.0,True,True,True,5,3132.3335,3038.0046,3059.1372,3068.049,3002.2617,3435.8025,3216.9631,True,True,True,4,5,0,0,14,0.118,0.33837003,0.0,5.486346,,False,
071970.KS,HD-Hyundai Marine Engine,KS,2632308012000.0,True,True,True,5,3667.0,3395.75,3401.0,3162.75,3162.75,4979.75,4619.75,True,True,True,1,1,0,0,4,0.253,0.25035,0.25507,16.74783,,False,
178320.KQ,SEOJIN SYSTEM,KQ,2666263458000.0,True,True,True,5,1748.5,1747.0,2446.6667,2222.0,2222.0,3864.3333,3939.0,True,True,True,0,0,1,1,3,0.176,0.0756,0.10358,17.10515,,False,
475830.KQ,ORUM,KQ,2651922763200.0,True,False,False,0,,,,,,,,False,False,False,,,,,,-0.775,-32704.223,0.98908997,,,False,
000120.KS,CJ LOGISTICS,KS,2573232403200.0,True,True,True,5,12722.517,12929.475,13468.835,13768.121,13768.121,14672.587,15413.408,True,True,True,0,0,5,1,14,0.005,0.04996,0.109139994,6.4269514,,False,
139480.KS,emart,KS,2605045313600.0,True,True,True,5,8442.671,8644.754,8815.052,8243.557,8306.432,11560.825,11366.47,True,True,True,0,0,1,1,13,0.009,-0.00678,0.31027,10.146335,,False,
068760.KQ,Celltrionph,KQ,2629764880400.0,True,False,False,0,,,,,,,,True,False,False,,,,,,0.927,0.112679996,0.29426,,,False,
008930.KS,Hanmi Science,KS,2571522280000.0,True,False,False,0,,,,,,,,False,False,False,,,,,,0.052,-0.15408,0.22941999,,,False,
026960.KS,DONGSUH,KS,2557305000000.0,True,False,False,0,,,,,,,,True,False,False,,,,,,0.044,0.06446,0.16399,,,False,
003690.KS,Korean Re,KS,2552155506100.0,True,True,True,5,1512.049,1572.616,1572.616,1605.308,1605.308,1627.143,1616.834,True,True,True,0,0,1,1,2,-0.06,-0.023640001,0.14587,7.344161,,True,
000240.KS,HANKOOK & COMPANY,KS,2525277384000.0,True,True,True,5,4438.0,6105.0,6105.0,6105.0,4855.5,4565.0,5696.0,True,True,True,0,0,1,1,1,0.145,0.21677999,0.37035,5.2354875,,False,
097230.KS,HJSC,KS,2510210563200.0,True,False,False,0,,,,,,,,False,False,False,,,,,,0.312,0.05037,0.088479996,,,False,
030530.KQ,WONIK HOLDINGS,KQ,2510234382500.0,True,False,False,0,,,,,,,,False,False,False,,,,,,-0.271,-0.00401,0.24836001,,,False,
017960.KS,HankukCarbon,KS,2509773654200.0,True,True,True,5,2427.8962,2399.4712,2399.4712,2198.5,2119.0217,2767.3,2587.3333,True,True,True,1,1,0,0,5,0.194,0.16535999,0.23392999,14.508727,,False,
204320.KS,HL MANDO,KS,2488727360000.0,True,True,True,5,4472.2783,4571.624,4731.9595,4738.5957,4940.547,5607.4897,5901.8794,True,True,True,6,6,3,3,24,0.018,0.040489998,0.15521,10.949641,,False,
004800.KS,Hyosung,KS,2427359015000.0,True,True,True,5,21708.0,21708.0,20066.0,17571.0,17571.0,21313.5,13667.0,True,True,True,1,1,0,0,2,,0.13590999,0.27672002,11.143172,,False,
005290.KQ,DONGJIN,KQ,2496173683700.0,True,True,True,5,3051.0,0.0,0.0,0.0,0.0,3270.0,0.0,True,True,True,0,0,0,0,,0.069,0.10033,0.25893,17.155964,,False,
030000.KS,CheilWorldwide,KS,2410113663750.0,True,True,True,5,1941.5479,2082.1853,2088.1853,2068.2793,2158.8567,2221.0837,2320.5945,True,True,True,1,0,3,2,13,0.03,0.07501,0.40709,8.666941,,False,
319660.KQ,PSK,KQ,2389753905000.0,True,True,True,5,4939.0,4939.0,2682.0,2758.5,2758.5,5662.0,2942.5,True,True,True,1,1,0,0,2,0.357,0.15349,0.48703,19.092194,,False,
458870.KQ,SEERS,KQ,2397763620000.0,True,True,True,5,1219.8889,1209.8889,1209.8889,1209.8889,659.75,1844.3334,1250.1111,True,True,True,1,1,0,0,2,2.721,0.42639,0.72416997,22.067595,,False,
081660.KS,Misto Holdings,KS,2359932288000.0,True,True,True,5,4622.618,4893.4365,5144.0464,4636.791,4583.155,5048.6416,5061.737,True,True,True,0,1,4,1,12,0.063,-0.0018000001,0.52951,7.566392,,True,
001430.KS,SBHC,KS,2334623946900.0,True,True,True,5,2807.3333,2276.5,2805.0,2754.1,2647.889,3817.625,3631.889,True,True,True,2,2,1,0,8,0.038,0.01028,0.08628,18.859894,,False,
035900.KQ,JYP Ent.,KQ,2377123714800.0,True,True,True,5,3741.8933,3732.7427,3746.2163,3742.727,3817.2705,4261.7793,4289.0005,True,True,True,0,0,5,2,26,0.168,0.18017,0.36922002,13.703197,,False,
005440.KS,HYUNDAI G.F. HOLDINGS,KS,2332328342960.0,True,True,True,5,1752.0,2183.5,2183.5,2183.5,1846.0,2338.0,2046.0,True,True,True,1,1,0,0,4,-0.026,0.013940001,0.32773,6.44568,,False,
007340.KS,DN AUTOMOTIVE,KS,2317030254000.0,True,False,False,0,,,,,,,,True,False,False,,,,,,0.053,0.15481,0.26225,,,False,
031980.KQ,PSK HOLDINGS,KQ,2302863786000.0,True,False,False,0,,,,,,,,True,False,False,,,,,,,,,,,False,
383220.KS,F&F,KS,2302255207500.0,True,True,True,5,12792.603,10744.894,10623.883,10614.783,10604.803,12276.682,11472.827,True,True,True,7,6,0,0,12,0.053,0.23109,0.66732,6.84224,,False,
018670.KS,SKGas,KS,2302065756000.0,True,True,True,5,27503.0,28186.0,37693.75,38677.0,38677.0,36464.75,40078.75,True,True,True,0,0,1,1,5,0.017,0.01773,0.10123,7.6649365,,False,
004370.KS,Nongshim,KS,2256660182000.0,True,True,True,5,30820.271,30745.268,30702.686,33062.344,33208.652,33391.223,35365.32,True,True,True,1,1,0,0,19,0.032,0.0378,0.28994,11.634794,,True,
011210.KS,HYUNDAI WIA,KS,2289825988600.0,True,True,True,5,6048.7793,6671.251,7083.6665,6963.7144,6660.91,7674.4,7622.1,True,True,True,2,0,4,2,13,0.041,0.022820001,0.06327,12.391849,,True,
445680.KQ,Curiox Biosystems,KQ,2254682006100.0,True,False,False,0,,,,,,,,False,False,False,,,,,,,,,,,False,
222800.KQ,SIMMTECH,KQ,2244267301800.0,True,True,True,5,3883.7273,2878.5947,2732.1455,2475.6667,3046.3606,5455.514,4280.017,True,True,True,5,5,1,1,7,0.306,0.02647,0.08748,20.071436,,False,
257720.KQ,Silicon2,KQ,2232774642000.0,True,True,True,5,3464.3333,3425.125,3498.25,3542.5715,3575.889,4252.222,4474.3335,True,True,True,0,0,2,1,8,0.763,0.13851,0.31063,9.618501,,False,
067310.KQ,Hana Micron,KQ,2225348921000.0,True,False,False,0,,,,,,,,True,False,False,,,,,,,,,,,False,
006360.KS,GS E&C,KS,2220839665500.0,True,True,True,5,3126.6682,3434.2034,3350.368,3417.339,4056.2473,4157.504,5198.99,True,True,True,1,1,5,5,18,-0.119,0.015360001,0.10803001,8.105825,,False,
041510.KQ,SME,KQ,2223074399000.0,True,True,True,5,6147.6,6116.507,6238.3306,6213.6475,6097.339,6956.0327,6981.293,True,True,True,5,6,12,8,23,0.166,0.16790001,0.36813998,13.110922,,True,
039200.KQ,OCT Inc.,KQ,2199845120000.0,True,True,True,5,841.0,639.0,389.5,1183.6666,1183.6666,1663.5,2593.6667,True,True,True,1,1,0,0,1,,,,,,False,
023590.KS,DaouTech,KS,2196220902150.0,True,False,False,0,,,,,,,,True,False,False,,,,,,0.522,-0.08092,0.14191,,,False,
089030.KQ,Techwing,KQ,2167638232500.0,True,True,True,5,1860.6831,2684.7605,2684.7605,3173.1736,4062.7605,4720.529,5228.6025,True,True,True,0,0,1,1,2,-0.289,0.08293,0.42117,11.269924,,False,
347700.KQ,Sphere,KQ,2163502125400.0,True,False,False,0,,,,,,,,True,False,False,,,,,,0.612,0.09599,0.17583999,,,False,
323280.KQ,TAESUNG,KQ,2119335812000.0,True,False,False,0,,,,,,,,False,False,False,,,,,,-0.097,0.10957,0.19464001,,,False,
282330.KS,BGF Retail,KS,2086167454200.0,True,True,True,5,12377.8125,12152.295,12141.189,12082.719,11565.362,13514.477,12220.799,True,True,True,9,9,2,1,18,0.052,0.017970001,0.18642001,10.374061,,False,
218410.KQ,RFHIC,KQ,2089755885400.0,True,True,True,5,1387.75,1473.6666,1499.0,1478.0,1356.5,1976.3334,1666.0,True,True,True,1,2,0,0,3,,,,,,False,
002790.KS,AMOREPACIFIC Holdings,KS,2060547951000.0,True,True,True,5,3579.1462,3314.05,3314.05,3314.05,2870.0334,4118.358,3483.5667,True,True,True,1,1,0,0,2,0.064,0.04363,0.73595,6.252492,,True,
099320.KQ,SI,KQ,2039127963600.0,True,True,True,5,1307.0,1530.5,1630.3334,1630.3334,1630.3334,2426.0,3308.0,True,True,True,0,0,1,1,3,,,,,,False,
491000.KQ,LivsMed,KQ,2038692044700.0,True,True,True,5,-606.0,-265.0,-265.0,304.0,0.0,1061.0,0.0,True,True,True,0,0,0,0,1,0.734,-0.3616,0.57693,,,False,
098460.KQ,Koh Young,KQ,2039046223500.0,True,True,True,5,650.14685,537.9509,537.9509,537.9509,478.89218,783.0217,690.3518,True,True,True,4,4,0,0,7,0.363,0.10038,0.63792,49.615482,,False,
192820.KS,COSMAX,KS,2033832012800.0,True,True,True,5,11939.299,11939.299,11573.953,12236.089,12557.991,14322.457,15233.728,True,True,True,2,9,2,1,23,0.077,0.0681,0.17021,12.881868,,False,
003540.KS,DaishinSecu,KS,2013165310000.0,True,True,True,5,3583.0,3192.0,3192.0,2465.0,2171.0,3905.0,2350.0,True,True,True,1,1,0,0,1,1.133,0.14678,0.97183,9.065301,,False,
376900.KQ,ROKIT,KQ,2025575709300.0,True,True,False,5,546.0,0.0,0.0,0.0,0.0,,,True,True,True,0,0,0,0,,1.615,0.01924,0.597,,,False,
020150.KS,LOTTE ENERGY MATERIALS Corp,KS,1966323135650.0,True,True,True,5,-748.87225,-788.2363,-806.4568,-812.07135,-812.07135,491.36765,637.02783,True,True,True,2,3,1,0,9,-0.083,-0.19788,-0.098579995,130.65573,,False,
375500.KS,DL E&C,KS,2008199033700.0,True,True,True,5,10766.841,8775.566,8707.485,8703.907,9364.8,11037.06,10720.786,True,True,True,7,7,0,0,14,-0.305,-0.07614,0.1216,7.5473,,True,
069960.KS,HYUNDAIDEPTST,KS,1946077918000.0,True,True,True,5,11941.478,11668.528,11679.029,11777.676,11864.191,14699.909,13181.787,True,True,True,10,10,3,3,17,-0.114,0.10168,0.59861,8.340188,,False,
120110.KS,KOLON IND,KS,1940095915500.0,True,True,True,5,7501.0,4937.3335,4937.3335,4466.0,4518.0,7163.5,6835.5,True,True,True,0,1,0,0,4,-0.074,0.008119999,0.26073,11.949466,,False,
483650.KS,d'Alba Global,KS,1919623808500.0,True,True,True,5,10022.39,9879.507,9814.295,9927.253,9885.6045,13684.858,13201.435,True,True,True,1,1,3,4,11,0.714,0.15624,0.7589,18.9991,,False,
140860.KQ,Park Systems,KQ,1941522367500.0,True,True,True,5,8213.513,8869.97,9191.245,9205.609,9331.791,10396.584,11092.882,True,True,True,0,0,7,6,10,-0.103,0.14866,0.66383004,27.124294,,False,
069620.KS,DAEWOONG PHARM,KS,1853852000000.0,True,True,True,5,14873.8,13961.0,13961.0,15274.8,15342.0,17607.4,18230.4,True,True,True,0,0,1,1,,0.079,0.10592,0.52361,7.9682403,,False,
290650.KQ,L&C BIO,KQ,1873468550200.0,True,True,True,5,676.441,0.0,0.0,571.0,571.0,2340.824,1969.5,True,True,True,0,0,1,1,2,0.29,0.0387,0.53101003,27.16992,,False,
038500.KQ,SAMPYO Cement,KQ,1866952093800.0,True,True,True,5,706.0,0.0,0.0,0.0,0.0,756.0,0.0,True,True,True,0,0,0,0,,-0.113,0.17376,0.19206,19.867725,,False,
000500.KS,GAONCABLE,KS,1839594388000.0,True,False,False,0,,,,,,,,True,False,False,,,,,,0.198,0.01296,0.08073,,,False,
395400.KS,SK REIT,KS,1839217658200.0,True,True,True,5,310.0,243.96667,243.96667,239.26666,239.26666,315.9,278.86667,True,True,True,1,1,0,0,3,,0.0,0.0,18.043686,,False,
078600.KQ,DAEJOO,KQ,1853026982100.0,True,True,True,5,1924.6243,1912.4163,1960.0114,1768.8173,1675.4839,2458.3594,2173.2852,True,True,True,1,1,1,1,2,,,,,,False,
361610.KS,SK ie technology,KS,1778869425000.0,True,True,True,5,-1794.9304,-1809.211,-1719.5554,-1707.6753,-1707.6753,-705.4932,-586.3159,True,True,True,0,0,3,1,16,-0.294,-1.8119099,-0.56461,-30.829494,,True,
475150.KS,SK eternix,KS,1812592055400.0,True,False,False,0,,,,,,,,False,False,False,,,,,,0.13,0.16605,0.20208,,,False,
101490.KQ,S&S TECH,KQ,1832666106100.0,True,False,False,0,,,,,,,,True,False,False,,,,,,,,,,,False,
462870.KS,SHIFT UP,KS,1778377851000.0,True,True,True,5,2157.8904,2001.7385,2111.0,2197.5142,2192.9797,2210.5166,2712.3591,True,True,True,0,0,4,0,13,0.301,0.65626997,1.0,13.910775,,False,
034230.KS,PARADISE,KS,1747522891640.0,True,True,True,5,1079.4268,1078.4044,1063.0364,1078.3536,1110.0151,1312.6182,1320.0236,True,True,True,2,2,1,1,13,0.105,0.05505,0.23286,12.13605,,True,
131970.KQ,DOOSAN TESNA,KQ,1776173172200.0,True,True,True,5,2136.5,2259.0,2259.0,2455.0,2455.0,3191.0,3269.6667,True,True,True,1,1,0,0,3,,,,,,False,
437730.KQ,SAMHYUN,KQ,1775623752000.0,True,False,False,0,,,,,,,,False,False,False,,,,,,-0.191,-0.060399998,0.11699,,,False,
073240.KS,KUMHOTIRE,KS,1732179530610.0,True,True,True,5,1197.6,1322.3334,1298.3334,1298.3334,1170.8334,1302.7142,1295.3334,True,True,True,0,0,0,0,8,-0.065,0.12557,0.30907,3.8688455,,False,
001120.KS,LX INT,KS,1724820000000.0,True,True,True,5,7665.0,6670.6665,6346.5,5988.6665,5937.0,8045.3335,6667.2,True,True,True,1,3,2,0,6,,0.02586,0.0,5.770426,,False,
085660.KQ,CHA Biotech,KQ,1732983656250.0,True,False,False,0,,,,,,,,True,False,False,,,,,,0.256,-0.02345,0.27928,,,False,
006040.KS,DongwonInd,KS,1723978853300.0,True,True,True,5,7126.25,7461.8,7461.8,7461.8,7681.8,8046.0,8473.0,True,True,True,0,0,1,1,4,0.045,0.04723,0.17376,4.9217,,False,
008770.KS,HtlShilla,KS,1699443639300.0,True,True,True,5,2653.125,0.0,1784.3049,1759.95,1759.9521,3362.8499,2743.851,True,True,True,10,11,1,1,16,0.103,-0.00454,0.99677,19.477528,,True,
090710.KQ,Hyulim ROBOT,KQ,1711821633010.0,True,False,False,0,,,,,,,,False,False,False,,,,,,,,,,,False,
006280.KS,GC Biopharma Corp.,KS,1696885317600.0,True,True,True,5,3280.6,3280.6,4048.2046,4191.3,4191.3,3478.2,5474.8,True,True,True,0,1,4,3,10,0.129,0.00925,0.27753,40.68196,,True,
065350.KQ,SSDELTATECH,KQ,1698507986400.0,True,False,False,0,,,,,,,,True,False,False,,,,,,0.044,0.01678,0.100509994,,,False,
232140.KQ,YCC,KQ,1698338745000.0,True,True,True,5,402.0,575.1396,575.1396,575.1396,0.0,675.41095,0.0,True,True,True,0,0,0,0,2,0.356,0.1066,0.26197,28.219856,,False,
298020.KS,HYOSUNG TNC,KS,1681304457000.0,True,True,True,5,50107.332,35795.0,33363.0,33196.0,31467.666,70089.0,38662.332,True,True,True,0,1,1,1,3,-0.068,0.02427,0.08178,6.6772246,,False,
003380.KQ,Harim Holdings,KQ,1691284877100.0,True,False,False,0,,,,,,,,True,False,False,,,,,,-0.004,0.04871,0.17683001,,,False,
082270.KQ,GemVax,KQ,1687889270600.0,True,False,False,0,,,,,,,,False,False,False,,,,,,,,,,,False,
007070.KS,GS Retail,KS,1667967929250.0,True,True,True,5,2234.555,2139.1914,2122.404,2142.8433,2113.987,2482.2493,2303.8992,True,True,True,6,7,2,2,16,0.035,0.01762,0.24174,11.320378,,True,
115180.KQ,Qurient,KQ,1677386519250.0,True,False,False,0,,,,,,,,True,False,False,,,,,,-0.458,-6.05707,0.13317001,,,False,
032350.KS,LOTTE TOUR,KS,1667650880300.0,True,True,True,5,1092.25,1047.6666,1057.3334,1039.0,685.76666,1450.2,1209.35,True,True,True,0,0,1,0,6,0.701,0.23635,1.0,13.556751,,False,
161890.KS,KOLMAR KOREA,KS,1647634374600.0,True,True,True,5,6714.794,6100.497,6066.045,6064.047,5837.0967,7772.1187,7007.097,True,True,True,6,8,0,0,24,0.11,0.073,0.28977,12.853638,,False,
160190.KQ,HIGEN RNM,KQ,1658685600000.0,True,True,True,5,-12.0,-12.0,-12.0,-12.0,-12.0,127.0,0.0,True,True,True,0,0,0,0,1,0.172,-0.13399,0.040149998,308.26773,,False,
060370.KQ,LS Marine Solution,KQ,1637688072900.0,True,False,False,0,,,,,,,,True,True,False,,,,,1,,,,,,False,
003570.KS,SNT DYNAMICS,KS,1597792090850.0,True,True,False,5,3058.0,3146.0,3146.0,0.0,0.0,,,True,True,True,0,0,1,1,,0.167,0.08172,0.16429001,,,False,
417200.KQ,LS Materials,KQ,1606750651250.0,True,False,False,0,,,,,,,,True,False,False,,,,,,0.09,0.027479999,0.08479,,,False,
005070.KS,CosmoAM&T,KS,1588150430600.0,True,True,True,5,306.0,813.5,813.5,813.5,813.5,794.0,1723.5,True,True,True,0,0,0,0,1,0.61,0.022839999,0.0585,68.891685,,False,
003530.KS,H.I.S.C,KS,1583362579500.0,True,False,False,0,,,,,,,,True,False,False,,,,,,0.115,0.26773,0.97646004,,,False,
174900.KQ,AbClon,KQ,1590055698000.0,True,False,False,0,,,,,,,,True,False,False,,,,,,1.286,-3.2376099,0.23577,,,False,
001800.KS,ORION Holdings,KS,1550474194500.0,True,False,False,0,,,,,,,,True,False,False,,,,,1,0.08,0.15889,0.36152,,,False,
322000.KS,HD HYUNDAI ENERGY SOLUTIONS,KS,1526560000000.0,True,True,True,5,7683.0,9075.0,9075.0,0.0,0.0,10027.0,0.0,True,True,True,0,0,0,0,2,0.371,0.09513,0.21542999,24.533758,,False,
012630.KS,HDC HOLDINGS,KS,1496530111050.0,True,True,True,5,7327.0,0.0,0.0,6995.0,6995.0,9165.0,0.0,True,True,True,0,0,0,0,1,-0.199,0.096090004,0.17870001,,,False,
124500.KQ,ITCENGLOBAL,KQ,1512935160400.0,True,False,False,0,,,,,,,,True,False,False,,,,,,1.815,0.03769,0.05041,,,False,
007810.KS,KorCirc,KS,1489320950400.0,True,True,True,5,4001.5,3923.0,3923.0,4395.5,3227.0,5583.0,3383.0,True,True,True,0,1,1,0,4,0.337,0.080469996,0.0726,17.499552,,False,
007310.KS,OTOKI,KS,1476885355000.0,True,True,True,5,33914.0,35686.0,35686.0,35686.0,35691.0,35587.0,40777.0,True,True,True,0,0,1,1,1,0.005,0.02155,0.1599,10.102003,,False,
080220.KQ,JSC,KQ,1477597535700.0,True,False,False,0,,,,,,,,False,False,False,,,,,,,,,,,False,
048410.KQ,HDBIO,KQ,1463664230400.0,True,False,False,0,,,,,,,,False,False,False,,,,,,,-5.16321,-0.00048000002,,,False,
030610.KS,KYOBOSECURITIES,KS,1459865530410.0,True,False,False,0,,,,,,,,True,False,False,,,,,,0.506,0.37363,0.98243,,,False,
397030.KQ,AprilBio,KQ,1458914125000.0,True,True,True,5,-1188.0,0.0,0.0,0.0,0.0,-955.0,0.0,True,True,True,0,0,0,0,1,-1.0,-3.3443499,0.98943,-64.81676,,False,
020560.KS,Asiana Airlines,KS,1446054791220.0,True,False,False,0,,,,,,,,True,False,False,,,,,,-0.233,-0.120749995,0.04833,,,False,
195940.KQ,HK inno.N,KQ,1456156397400.0,True,True,True,5,3295.8694,3295.8694,3253.6504,3263.0947,3329.3428,3903.4744,3957.401,True,True,True,1,2,4,0,12,0.051,0.112320006,0.41467997,12.809102,,False,
082640.KS,TONGYANG LIFE,KS,1421569133850.0,True,True,False,5,857.0,1050.0,1050.0,1050.0,1050.0,,,True,False,True,1,1,2,1,1,0.39,-0.012410001,0.26409,,,False,
456160.KQ,G2GBIO,KQ,1437791697100.0,True,False,False,0,,,,,,,,False,False,False,,,,,,,0.0,0.0,,,False,
388210.KQ,CMTX,KQ,1427240700000.0,True,True,True,5,6709.0,5402.0,5402.0,5402.0,5402.0,8268.0,0.0,True,True,True,0,0,0,0,2,0.184,0.23718001,0.40285,15.420899,,False,
294870.KS,IPARK-DVP,KS,1420302961500.0,True,True,True,5,5469.168,5348.475,5362.0635,5380.225,5433.154,7399.7666,6833.8335,True,True,True,1,1,2,2,14,-0.089,0.04034,0.14267999,3.162262,,True,
466100.KQ,CLOBOT,KQ,1404558211800.0,True,False,False,0,,,,,,,,False,False,False,,,,,,0.086,0.07312,0.24694,,,False,
082920.KQ,VITCELL,KQ,1403256813150.0,True,True,True,5,1671.75,1671.75,1650.25,1602.5,1581.0,1951.75,1987.0,True,True,True,2,2,0,0,3,,,,,,False,
004000.KS,LOTTE Fine Chem,KS,1398360000000.0,True,True,True,5,9052.5,6244.0,6127.5,5782.3335,6549.125,7574.3335,7354.143,True,True,True,1,2,1,0,7,0.024,0.04395,0.11723,7.657439,,True,
330590.KS,LOTTE REIT,KS,1389940332040.0,True,True,True,5,120.375,120.0,120.0,120.0,113.5,148.575,140.33333,True,True,True,0,2,0,0,4,,0.0,0.0,26.619553,,False,
003090.KS,Daewoong,KS,1375057827000.0,True,False,False,0,,,,,,,,True,False,False,,,,,,0.025,0.06489,0.5334,,,False,
131290.KQ,TSE,KQ,1380466339200.0,True,True,True,5,5749.0,5250.5,5250.5,4837.0,4544.0,6816.5,6755.0,True,True,True,1,1,0,0,2,,,,,,False,
077970.KS,STXEngine,KS,1369048948300.0,True,False,False,0,,,,,,,,True,False,False,,,,,,0.123,0.021949999,0.16548,,,False,
229640.KS,LS Eco Energy,KS,1347494676000.0,True,True,True,5,1639.0,1592.0,1518.0,1441.0,1425.6,1847.6,1599.0,True,True,True,1,1,0,0,5,0.067,0.052600004,0.10241,51.634552,,False,
035760.KQ,CJ ENM,KQ,1350835886400.0,True,True,True,5,2332.6667,3376.9158,3861.8503,4211.6357,4240.279,4783.0757,5708.9272,True,True,True,1,1,1,1,14,-0.196,0.05566,0.32922,9.209556,,True,
127120.KQ,JS Link,KQ,1339175146000.0,True,False,False,0,,,,,,,,True,False,False,,,,,,0.557,-0.51904,0.18594,,,False,
189300.KQ,Intellian Tech,KQ,1325007129800.0,True,True,True,5,3116.0,3200.8,3282.5,3569.0,3569.0,4440.6665,3644.0,True,True,True,1,1,1,1,3,,,,,,False,
095610.KQ,TES,KQ,1279696000000.0,True,True,True,5,4325.022,4283.813,4278.6133,4278.6133,3904.0981,5286.709,4528.0107,True,True,True,2,2,0,0,4,,,,,,False,
003240.KS,TaekwangInd,KS,1275956400000.0,True,False,False,0,,,,,,,,True,False,False,,,,,,,-0.019709999,0.09599,,,False,
181710.KS,NHN,KS,1254445223700.0,True,True,True,5,2690.375,2904.6667,3009.6,2925.8,2621.6,3166.5,3067.2,True,True,True,0,2,1,1,10,0.065,0.069070004,1.0,11.605874,,False,
281740.KQ,LAKE,KQ,1302779461360.0,True,False,False,0,,,,,,,,True,False,False,,,,,,-0.065,0.114350006,0.20354,,,False,
183300.KQ,KoMiCo,KQ,1243775327600.0,True,True,True,5,6345.0,6692.0,6847.0,6536.25,6536.25,7099.0,7875.0,True,True,True,0,0,1,1,2,0.283,0.1443,0.42646,25.04578,,False,
100090.KS,SKoceanplant,KS,1229569578720.0,True,True,True,5,877.3333,950.3333,950.3333,950.3333,1061.25,1093.0,1360.0,True,True,True,1,1,2,2,4,0.07,0.07881,0.01175,18.938702,,False,
293490.KQ,Kakao Games,KQ,1234570026250.0,True,True,True,5,-26.41937,-26.41937,1.51073,104.38305,600.0245,760.5184,768.3342,True,True,True,0,0,3,1,12,-0.258,-0.1927,1.0,14.726797,,True,
300720.KS,HANILCMT,KS,1218644113130.0,True,True,True,5,1534.0,0.0,0.0,0.0,0.0,1738.0,0.0,True,True,True,0,0,0,0,1,-0.186,0.0475,0.19924,9.378596,,False,
415640.KS,KB Balhae Infra,KS,1218102747120.0,True,True,True,5,458.0,458.0,458.0,458.0,458.0,457.0,473.0,True,True,True,0,0,0,0,1,,0.0,0.0,21.706783,,False,
001740.KS,SKNetworks,KS,1214815681980.0,True,True,True,5,265.0,218.0,218.0,218.0,272.0,315.0,314.0,True,True,True,0,0,0,0,5,-0.124,0.00274,0.1275,25.079365,,False,
185750.KS,CHONGKUNDANG,KS,1196701026000.0,True,True,True,5,5430.0,0.0,0.0,0.0,0.0,5999.0,0.0,True,True,True,1,2,0,0,6,0.027,0.05503,0.39699,12.4231205,,False,
100790.KQ,Mirae Asset Venture,KQ,1213897886900.0,True,False,False,0,,,,,,,,True,False,False,,,,,,,,,,,False,
032500.KQ,KMW,KQ,1205710953200.0,True,False,False,0,,,,,,,,True,False,False,,,,,,-0.09,-0.21781999,0.131,,,False,
388720.KQ,YUIL,KQ,1188737710500.0,True,False,False,0,,,,,,,,True,False,False,,,,,,,,,,,False,
089970.KQ,VM,KQ,1191290716000.0,True,True,True,5,3026.5,3203.0,2931.0,2519.0,2279.05,3913.6667,2546.25,True,True,True,1,0,0,0,3,0.542,0.18344,0.45735002,14.666553,,False,
253450.KQ,Studio Dragon,KQ,1173784346900.0,True,True,True,5,1220.0,1447.4741,1460.4377,1395.5095,1395.5095,1695.2659,1822.9377,True,True,True,1,1,6,6,12,0.117,0.1252,0.10742,18.050266,,False,
000080.KS,HITEJINRO,KS,1164217942600.0,True,True,True,5,1428.4789,1381.119,1381.119,1295.7084,1139.0,1595.8737,1689.7101,True,True,True,2,2,0,0,9,-0.091,-0.0162,0.44405997,10.67127,,False,
348370.KQ,Enchem,KQ,1163473675200.0,True,False,False,0,,,,,,,,True,False,False,,,,,,0.16,-0.28716,-0.00486,,,False,
166090.KQ,Hana Materials,KQ,1168860533400.0,True,True,True,5,4014.0,3194.0,3194.0,3194.0,2297.0,5185.0,2731.0,True,True,True,1,1,0,0,5,0.17,0.25787002,0.31114,14.657666,,False,
036540.KQ,SFASemicon,KQ,1162734342210.0,True,True,False,5,452.0,479.0,479.0,479.0,479.0,,,True,True,True,0,0,1,1,1,0.469,-0.00494,-0.01525,,,False,
089860.KS,LOTTE rental,KS,1149192130200.0,True,True,True,5,4302.6,4208.0,4353.5,4353.5,4393.1665,4709.5,5032.0,True,True,True,0,0,1,1,7,0.008,0.10918,0.91933995,6.8584776,,False,
096530.KQ,SEEGENE,KQ,1156805767100.0,True,True,True,5,1697.0,1116.0,1116.0,1052.0,1422.3334,1944.0,1956.6666,True,True,True,0,0,1,1,2,0.133,0.053179998,0.64075,16.255144,,True,
010170.KQ,TaihanFiberoptics,KQ,1149039027400.0,True,True,False,5,107.0,107.0,0.0,0.0,0.0,,,True,True,True,0,0,0,0,1,-0.187,-0.15788999,0.02486,,,False,
007390.KQ,NATURECELL,KQ,1141789192320.0,True,False,False,0,,,,,,,,True,False,False,,,,,,,,,,,False,
328130.KQ,Lunit,KQ,1139167127800.0,True,True,True,5,-1890.669,-1890.669,-1890.669,-1890.669,-1890.669,-1678.7605,-1678.7605,True,True,True,0,0,1,1,1,0.321,-0.74167997,1.0,-11.0081215,,False,
476060.KQ,Onconic Therapeutics,KQ,1126684784000.0,True,False,False,0,,,,,,,,False,False,False,,,,,,0.763,0.10344,0.99978995,,,False,
122870.KQ,YG Entertainment,KQ,1123332044900.0,True,True,True,5,3090.8179,3399.2258,3431.2815,3335.6292,3489.8071,3457.829,3580.052,True,True,True,0,2,5,3,20,0.651,0.09764,0.34157002,14.38764,,False,
137400.KQ,P&T,KQ,1107541534000.0,True,True,True,5,5858.4907,4657.0,5735.549,5735.549,5735.549,4967.0,4190.0,True,True,True,0,1,1,0,2,-0.044,0.12151,0.18228,9.583249,,False,
213420.KQ,DUK SAN NEOLUX,KQ,1104987465500.0,True,True,True,5,2742.0,2742.0,2742.0,3153.6284,3153.6284,3946.8457,3689.278,True,True,True,0,0,2,2,9,1.436,0.18145001,0.33714,12.63034,,False,
003160.KS,DI,KS,1088135000000.0,True,True,True,5,1085.0,1394.2778,1394.2778,1394.2778,1364.0,1715.6852,1798.0,True,True,True,0,0,0,0,2,0.191,0.04685,0.21114,17.893726,,False,
295310.KQ,HVM,KQ,1097358038200.0,True,True,True,5,770.5,736.5,736.5,736.5,736.5,976.0,931.0,True,True,True,1,1,0,0,,0.907,0.05288,0.18011999,94.77459,,False,
005300.KS,LotteChilsung,KS,1086557316400.0,True,True,True,5,11524.777,11093.75,11859.5,11859.5,12082.0,14061.1,15016.909,True,True,True,4,3,3,1,12,-0.031,-0.013710001,0.32817,8.320828,,False,
000210.KS,DL,KS,1075036849200.0,True,True,True,5,13654.0,13267.0,13267.0,6817.0,6817.0,12799.0,9500.0,True,True,True,1,1,0,0,1,-0.051,0.00957,0.21145001,4.8597546,,True,
036830.KQ,Soulbrain Holdings,KQ,1083841695200.0,True,False,False,0,,,,,,,,True,False,False,,,,,,0.23,-0.15267,0.18971,,,False,
484870.KS,MNC Solution,KS,1071921690000.0,True,True,True,5,5946.1416,5946.15,5946.15,6026.2993,8391.5,8820.375,12083.0,True,True,True,0,0,1,1,2,,0.13805,0.15523,11.609484,,False,
056080.KQ,Yujin Robot,KQ,1072847547200.0,True,False,False,0,,,,,,,,True,False,False,,,,,,,,,,,False,
192080.KS,DoubleUGames,KS,1065025440400.0,True,True,True,5,7960.75,7960.75,7922.5,7910.0,7952.3,8768.0,8732.111,True,True,True,0,0,0,0,11,0.283,0.31983998,1.0,6.8202553,,False,
052020.KQ,STCUBE,KQ,1067337668700.0,True,False,False,0,,,,,,,,False,False,False,,,,,,,,,,,False,
365550.KS,ESRKSREIT,KS,1055721810000.0,True,True,True,5,139.0,141.66667,141.66667,141.66667,141.66667,166.33333,170.0,True,True,True,1,1,0,0,3,,0.0,0.0,25.581163,,False,
490470.KQ,SemiFive,KQ,1058087500000.0,True,True,True,5,-117.42704,-155.47948,-155.47948,0.0,0.0,564.23224,0.0,True,True,True,0,0,0,0,1,0.087,-0.58063,0.15862,64.77829,,False,
281820.KS,KCTECH,KS,1051068408400.0,True,True,True,5,2396.0,2396.0,2396.0,2249.0,2249.0,3288.0,2642.0,True,True,True,0,0,1,0,2,-0.229,0.19431,0.37053,23.874697,,False,
006120.KS,SK Discovery,KS,1050049185300.0,True,False,False,0,,,,,,,,True,False,False,,,,,,0.034,-0.00241,0.12818,,,False,
036530.KS,SNT Holdings,KS,1046709481200.0,True,False,False,0,,,,,,,,True,False,False,,,,,,0.237,0.14093,0.20504999,,,False,
071320.KS,KDHC,KS,1038613336800.0,True,True,True,5,21702.0,15988.0,15988.0,15988.0,23120.5,18666.5,18350.5,True,True,True,0,0,2,2,2,-0.035,0.12125,0.1594,4.130394,,False,
389470.KQ,IVTG,KQ,1046252422000.0,True,False,False,0,,,,,,,,False,False,False,,,,,,-0.006,-7.01401,-1.00112,,,False,
171090.KQ,SUNIC SYSTEM,KQ,1041823548000.0,True,True,True,5,8910.0,8773.0,8773.0,8773.0,5795.0,10862.0,10079.0,True,True,True,0,2,0,0,2,4.506,0.24229999,0.26266,8.267354,,False,
280360.KS,LOTTE WELLFOOD,KS,1034668628800.0,True,True,True,5,12584.889,0.0,12020.0,12110.0,12069.5,14996.111,14845.777,True,True,True,1,1,0,0,9,0.051,-0.01026,0.26695,8.128774,,False,
204270.KQ,JNTC,KQ,1037222995380.0,True,True,True,5,1121.0,2289.0,2289.0,2289.0,2289.0,2626.0,3132.0,True,True,True,0,0,1,1,1,-0.119,-0.51996,-0.28245002,7.58949,,False,
056190.KQ,SFA,KQ,1030581412000.0,True,True,True,5,2423.0903,3031.0,3248.6235,2721.6296,3098.7036,3169.6135,3926.0422,True,True,True,0,0,1,1,3,-0.172,0.02243,0.11185,9.2755785,,False,
001510.KS,SKSecu,KS,1030246572780.0,True,False,False,0,,,,,,,,True,False,False,,,,,,0.618,0.20604,0.97910005,,,False,
003470.KS,Yuanta Securities,KS,1007962708800.0,True,False,False,0,,,,,,,,True,False,False,,,,,,0.746,0.20792,0.97659,,,False,
192400.KS,CUCKOO,KS,1013522272500.0,True,True,True,5,4242.0,4414.0,4414.0,4414.0,4414.0,4461.0,4605.0,True,True,True,1,1,0,0,1,0.033,0.14446001,0.39591,6.2766194,,False,
009240.KS,Hanssem,KS,1004898725600.0,True,True,True,5,1439.1835,1391.638,1527.9396,1531.6112,1800.7711,2076.1243,2292.3455,True,True,True,0,0,2,1,13,-0.184,0.0090499995,0.24773,17.002836,,True,
000670.KS,Youngpoong,KS,1003326225000.0,True,False,False,0,,,,,,,,False,False,False,,,,,,0.55,-0.102060005,-0.04887,,,False,
057050.KS,HYUNDAIHOMESHOP,KS,996000000000.0,True,True,True,5,12700.0,12199.0,12199.0,11636.333,11636.333,14085.0,13237.0,True,True,True,0,0,1,1,1,0.023,0.026819998,0.46532002,6.0915866,,False,
298050.KS,HS HYOSUNG ADVANCED,KS,990068508000.0,True,True,True,5,13549.5,11855.0,12578.0,12578.0,15891.75,19768.5,19411.5,True,True,True,0,0,1,1,3,-0.024,0.03853,0.10759,11.811721,,False,
249420.KS,ILDONG PHARM,KS,993441112800.0,True,True,True,5,1307.0,0.0,0.0,0.0,0.0,1411.0,0.0,True,True,True,1,0,0,0,1,-0.056,0.039130002,0.38731,16.087881,,False,
420770.KQ,GigaVis,KQ,993779427200.0,True,True,True,5,2206.6667,2485.0,2488.5,2488.5,3361.0,2859.0,0.0,True,True,True,0,0,1,1,1,-0.016,0.22865999,0.49402002,43.86149,,False,
285130.KS,SKCHEM,KS,987759538600.0,True,True,True,5,2840.0,3809.5,3809.5,4779.0,4779.0,5755.5,10551.5,True,True,True,0,0,0,0,2,0.206,-0.06294,0.21,8.609157,,False,
499790.KS,GS P&L,KS,986584339750.0,True,True,True,5,2608.0,2418.7,2418.7,2739.0,2739.0,3272.3333,3467.0,True,True,True,0,0,0,0,3,,0.20452999,0.2362,16.34919,,False,
222080.KQ,CIS,KQ,974616973770.0,True,False,False,0,,,,,,,,True,False,False,,,,,,-0.371,0.09243,0.14667,,,False,
137310.KS,SD Biosensor,KS,973992816000.0,True,False,False,0,,,,,,,,True,False,False,,,,,,0.08,-0.16952999,0.45238,,,False,
009450.KS,KYUNGDONGNAVIEN,KS,973181945600.0,True,True,True,5,9413.0,8573.0,8573.0,6366.0,6366.0,9790.0,8080.0,True,True,True,1,0,0,0,1,0.096,0.10198,0.41387,8.100102,,False,
075580.KS,SEJIN HEAVY,KS,963029784640.0,True,True,True,5,837.0,0.0,0.0,665.0,665.0,1033.0,762.0,True,True,True,0,0,0,0,1,0.039,0.29986,0.24190001,16.824781,,False,
126340.KQ,VINATECH,KQ,968421418600.0,True,True,True,5,1008.0,1446.0,1446.0,1446.0,1441.7476,3019.0,2032.0388,True,True,True,1,1,0,0,1,,,,,,False,
006730.KQ,Seobu T&D,KQ,963515537320.0,True,True,True,5,477.575,399.825,399.825,522.3333,522.3333,658.6667,752.3333,True,True,True,1,1,0,0,3,0.582,0.30712,0.51022,21.04251,,False,
005690.KS,Pharmicell,KS,956070236520.0,True,False,False,0,,,,,,,,True,False,False,,,,,1,-0.582,-0.85949,0.22745001,,,False,
030190.KS,NICE INFO,KS,953188506860.0,True,True,True,5,1559.0,1516.0,1516.0,1516.0,1516.0,1701.0,1643.0,True,True,True,1,1,0,0,1,0.074,0.15455,0.99901,8.012934,,False,
486990.KQ,Nota,KQ,957378415500.0,True,True,True,5,-180.0,0.0,0.0,0.0,0.0,139.5,211.0,True,True,True,0,0,0,0,,0.434,-0.28795,1.0,220.43011,,False,
195870.KS,HAESUNG DS,KS,952000000000.0,True,True,True,5,4430.5713,4880.1113,5009.778,5023.5557,5017.625,6082.7,5975.2,True,True,True,2,1,3,2,10,0.239,0.121120006,0.14968,14.401499,,False,
036810.KQ,FINE SEMITECH,KQ,944122964000.0,True,True,True,5,415.0,0.0,0.0,0.0,0.0,803.0,0.0,True,True,True,0,0,0,0,1,-0.1,-0.04482,0.29972,44.022415,,False,
161580.KQ,PHILOPTICS,KQ,938450154700.0,True,False,False,0,,,,,,,,True,False,False,,,,,,-0.823,-0.51919997,0.07369,,,False,
358570.KQ,GI Innovation,KQ,936982875920.0,True,False,False,0,,,,,,,,True,False,False,,,,,,,,,,,False,
010780.KS,IS DONGSEO,KS,932777558400.0,True,True,True,5,1858.0,1923.6666,1923.6666,1461.0,1692.0,3689.0,2933.0,True,True,True,1,1,0,0,2,0.099,-0.082320005,0.25572002,7.928978,,False,
027360.KQ,AJU IB INVESTMENT,KQ,927973809960.0,True,False,False,0,,,,,,,,False,False,False,,,,,,,,,,,False,
451800.KS,Hanwha REIT,KS,923144000000.0,True,True,True,5,128.5,129.5,129.5,129.5,129.5,162.5,149.5,True,True,True,1,1,0,0,2,,0.0,0.0,32.0,,False,
032190.KQ,DAOU DATA,KQ,911540000000.0,True,False,False,0,,,,,,,,False,False,False,,,,,,0.51,-0.076859996,0.15043999,,,False,
078160.KQ,MEDIPOST,KQ,909546789600.0,True,False,False,0,,,,,,,,True,False,False,,,,,,,,,,,False,
044490.KQ,TAEWOONG,KQ,906334359300.0,True,True,True,5,1427.0,1604.0,1604.0,2091.0,2091.0,2440.5,2394.0,True,True,True,0,0,1,1,2,-0.161,-0.01496,0.10075,18.64372,,False,
468530.KQ,PROTEINA,KQ,894849464000.0,True,False,False,0,,,,,,,,False,False,False,,,,,,,0.0,0.0,,,False,
006650.KS,KPIC,KS,871000000000.0,True,True,True,5,26725.0,11753.333,8511.5,14414.0,14414.0,24888.5,24358.25,True,True,True,1,1,0,0,4,0.193,0.02855,0.03593,5.886253,,False,
074600.KQ,WONIK QnC,KQ,887220000000.0,True,True,True,5,1833.0,2046.5,2046.5,2046.5,2051.0,2504.3333,2603.3333,True,True,True,1,1,1,1,3,0.147,0.074039996,0.2622,14.854253,,False,
084110.KQ,Huons Global,KQ,863399178400.0,True,False,False,0,,,,,,,,True,False,False,,,,,,,,,,,False,
348340.KQ,NEUROMEKA,KQ,861641924700.0,True,False,False,0,,,,,,,,True,False,False,,,,,,-0.023,-0.44634,0.17518,,,False,
100840.KS,SNTEnergy,KS,859286533650.0,True,True,True,5,4458.4346,4356.3696,5364.0,5364.0,3974.2,4563.1304,5550.3335,True,True,True,1,1,0,0,3,1.109,0.23158,0.26337,10.727285,,False,
064960.KS,SNT MOTIV,KS,855923772000.0,True,True,True,5,3963.5117,4031.983,4038.6467,4096.776,4037.22,4567.9316,4794.096,True,True,True,0,0,3,4,8,0.02,0.10594,0.18213,7.136709,,False,
456040.KS,OCI,KS,855858522000.0,True,True,True,5,10894.0,0.0,0.0,0.0,0.0,13473.0,0.0,True,True,True,0,0,0,0,1,-0.101,0.0063099996,0.10358,10.220441,,False,
317450.KS,MYUNGIN PHARM,KS,852640000000.0,True,False,False,0,,,,,,,,False,False,False,,,,,,0.058,0.32833,0.60568,,,False,
033240.KS,JahwaElec,KS,851772299400.0,True,True,True,5,2705.0,2262.5,2262.5,2262.5,1858.0,3048.0,2465.5,True,True,True,2,2,0,0,2,0.399,0.10127,0.16351,15.321523,,False,
052400.KQ,KONA I,KQ,851952523500.0,True,False,False,0,,,,,,,,True,False,False,,,,,,0.505,0.319,0.48131,,,False,
376300.KQ,DEARU,KQ,848648014500.0,True,True,True,5,1786.1898,1811.0989,1808.189,1808.189,1808.189,2114.1033,2190.5896,True,True,True,2,2,3,3,11,0.339,-0.05585,1.0,13.220736,,False,
248070.KS,SOLUM,KS,848260026640.0,True,True,True,5,1028.0,1028.0,1070.8,1121.6,1121.6,1566.5,1439.2,True,True,True,1,1,0,0,4,0.245,0.01884,0.16271,13.629109,,False,
004490.KS,SGBC,KS,837144000000.0,True,True,True,5,13577.0,14184.0,14184.0,14184.0,18014.0,14878.0,0.0,True,True,True,1,0,0,0,,-0.058,0.07512,0.15573,,,False,
014620.KQ,SKB,KQ,843196307000.0,True,True,True,5,1666.9868,1739.3281,1695.5975,1625.3102,2004.091,1952.1841,2443.7234,True,True,True,1,1,0,0,4,0.018,0.14687,0.3524,17.826187,,False,
348210.KQ,NEXTIN,KQ,838160400000.0,True,True,True,5,3022.3655,3652.3735,3851.1235,2666.5,4216.3735,6741.2114,7228.398,True,True,True,0,0,1,1,4,-0.481,-0.21847,0.48391998,10.532231,,False,
108320.KS,LX Semicon,KS,827852870000.0,True,True,True,5,4890.754,5022.508,5376.378,5020.511,5020.511,7139.328,7310.228,True,True,True,0,1,1,0,4,-0.224,0.06389,0.31868,8.754325,,False,
253590.KQ,Neosem,KQ,822546825000.0,True,False,False,0,,,,,,,,True,False,False,,,,,,-0.329,0.11164,0.46616,,,False,
086450.KQ,DongKook Pharm,KQ,809624518000.0,True,True,True,5,1884.0,1909.0,1797.0,1797.0,1797.0,2215.0,2066.0,True,True,True,1,1,0,0,1,,,,,,False,
102710.KQ,ENF,KQ,808691517600.0,True,True,True,5,4041.0,4847.0,4847.0,4847.0,5075.0,6076.0,6332.0,True,True,True,0,0,1,1,1,,,,,,False,
001270.KS,BookookSecu,KS,799518210600.0,True,False,False,0,,,,,,,,True,False,False,,,,,,0.459,0.36830002,0.97342,,,False,
079160.KS,CJ CGV,KS,798107004120.0,True,True,True,5,-421.33334,177.0,177.0,177.0,-162.0,-167.0,193.0,True,True,True,0,0,0,0,3,0.134,0.09927,0.95291,-29.7006,,False,
003850.KS,Boryung,KS,797821025100.0,True,True,True,5,448.0,0.0,0.0,0.0,0.0,607.0,0.0,True,True,True,0,0,1,1,1,-0.045,-0.00264,0.36591,16.095552,,False,
187660.KQ,PenetriumBio,KQ,798159380670.0,True,False,False,0,,,,,,,,False,False,False,,,,,,,-1.6413001,0.00595,,,False,
000370.KS,Hanwha General Ins,KS,797326789450.0,True,True,True,5,2717.5,2290.0,2290.0,2792.2,2792.2,3053.0,3164.5,True,True,True,0,0,1,1,4,0.101,0.0198,0.12189,,,False,
042520.KQ,HANS BIOMED,KQ,794358141900.0,True,True,True,5,821.0,821.0,821.0,1010.0,816.0,1786.0,0.0,True,True,True,0,0,0,0,,0.523,0.068169996,0.58615,13.101904,,False,
241710.KQ,COSMECCA KOREA,KQ,788184000000.0,True,True,True,5,6227.323,5996.238,6038.5107,6178.846,5816.9653,7037.6665,6615.303,True,True,True,0,1,3,1,12,0.39,0.11788,0.24561001,12.20575,,False,
033500.KQ,DONGSUNG FINETEC,KQ,787224217500.0,True,True,True,5,2553.0,2457.0,2457.0,2457.0,2457.0,2813.0,2825.5,True,True,True,1,1,0,0,1,,,,,,False,
214320.KS,INNOCEAN,KS,782800000000.0,True,True,True,5,2797.6145,2609.9917,2567.6575,2580.9917,2580.9917,2848.57,2784.791,True,True,True,1,2,0,0,10,0.055,0.06932,0.46004,7.1263824,,False,
356860.KQ,TLB,KQ,784643874000.0,True,True,True,5,3274.5,3329.8333,3737.5,3491.6,3499.0,4282.1665,4130.4,True,True,True,0,1,2,2,5,0.456,0.11823,0.14679,25.617874,,False,
050890.KQ,Solid,KQ,783759288600.0,True,False,False,0,,,,,,,,True,False,False,,,,,,,,,,,False,
033100.KQ,CheryongElec,KQ,780633077400.0,True,False,False,0,,,,,,,,False,False,False,,,,,,-0.139,0.18351999,0.51057,,,False,
060250.KQ,NHN KCP,KQ,779919065620.0,True,True,True,5,1400.3441,1333.4375,1217.4991,1232.8564,1294.0243,1496.1333,1433.9637,True,True,True,2,2,0,0,6,0.162,0.04662,0.09781,12.960075,,False,
086900.KQ,MedyTox,KQ,771451132900.0,True,True,True,5,4092.0503,3840.2334,3840.2334,5634.76,6182.3,5773.911,8896.157,True,True,True,0,0,3,0,4,0.1,-0.06616,0.57763,18.09865,,False,
079900.KS,JUNJIN C&R,KS,770486376000.0,True,True,True,5,2297.0,2234.5,2234.5,2234.5,2234.5,2500.5,2471.0,True,True,True,0,0,1,1,2,0.239,0.12337,0.2874,25.194962,,False,
069260.KS,TKG Huchems,KS,767699882640.0,True,True,True,5,1624.0,2131.0,2131.0,2064.0,1974.0,2199.5,2215.3333,True,True,True,0,0,0,0,2,-0.114,0.01667,0.108260006,7.924528,,False,
005090.KS,SGC Energy,KS,752167182600.0,True,True,True,5,-1429.0,-1429.0,-1429.0,-1429.0,1817.0,-471.0,2788.0,True,True,True,1,1,0,0,1,-0.036,0.03218,0.08182,-110.4034,,False,
102940.KQ,KLS,KQ,763182154900.0,True,False,False,0,,,,,,,,True,False,False,,,,,,,,,,,False,
399720.KQ,GAONCHIPS,KQ,758667468000.0,True,False,False,0,,,,,,,,False,False,False,,,,,,0.255,0.0517,-0.07649,,,False,
025540.KS,KorElecTerm,KS,751544500000.0,True,True,True,5,12345.0,12345.0,12420.0,12420.0,12420.0,13415.0,13599.0,True,True,True,0,0,1,1,1,-0.132,0.09838,0.17403999,6.4778233,,False,
093370.KS,FOOSUNG,KS,750787310000.0,True,True,True,5,288.0,183.0,183.0,183.0,183.0,416.0,359.0,True,True,True,1,1,0,0,1,0.08,0.04068,0.18568,29.54327,,False,
112040.KQ,Wemade,KQ,750261474300.0,True,True,True,5,1728.0,1728.0,1961.6666,1961.6666,1961.6666,2368.0,2358.6667,True,True,True,1,1,0,0,2,,,,,,True,
024850.KQ,HLB innoVation,KQ,747630694100.0,True,True,True,5,-258.0,0.0,0.0,0.0,0.0,-339.0,0.0,True,True,True,0,0,0,0,1,0.124,-1.0610399,0.13319999,-66.666664,,False,
023160.KQ,TKCORP.,KQ,747563293800.0,True,True,True,5,2101.97,2047.85,2047.85,1833.97,1833.97,2665.77,2113.3467,True,True,True,1,1,0,0,2,,,,,,False,
114090.KS,GKL,KS,742886596700.0,True,True,True,5,859.66,875.96,875.96,885.76,1046.9934,1035.2753,1187.2723,True,True,True,0,0,2,2,10,-0.029,-0.0077899997,0.31488,11.842261,,False,
121600.KQ,ANP,KQ,739998174600.0,True,True,True,5,711.0417,681.0834,681.0834,1068.1797,1212.7438,1482.225,2130.3833,True,True,True,0,0,1,1,2,0.272,0.05692,0.33807,49.52015,,False,
009520.KQ,POSCO M-TECH,KQ,738741551220.0,True,False,False,0,,,,,,,,True,False,False,,,,,,,,,,,False,
015750.KQ,SW HITECH,KQ,736000000000.0,True,False,False,0,,,,,,,,False,False,False,,,,,,-0.048,0.055549998,0.122250006,,,False,
003280.KS,HeungaShipping,KS,733295941950.0,True,False,False,0,,,,,,,,True,False,False,,,,,,-0.051,-0.027320001,0.15685001,,,False,
475960.KQ,TOMOCUBE,KQ,733403415200.0,True,True,True,5,271.0,268.0,268.0,268.0,268.0,1111.0,1020.0,True,True,True,0,0,0,0,,4.486,0.07983,0.65709,45.184517,,False,
003030.KS,SeAH Steel Holdings,KS,732244957600.0,True,False,False,0,,,,,,,,True,False,False,,,,,,-0.059,0.0184,0.12758,,,False,
014820.KS,DWS,KS,730580306400.0,True,False,False,0,,,,,,,,True,False,False,,,,,,0.003,0.038599998,0.10918,,,False,
001060.KS,JWPHARMA,KS,721863830000.0,True,False,False,0,,,,,,,,True,False,False,,,,,,0.059,0.0446,0.46345,,,False,
425420.KQ,TFE,KQ,726015097000.0,True,True,True,5,2141.0,2326.0,2326.0,2326.0,2496.0,3108.0,3537.0,True,True,True,0,0,0,0,1,0.807,0.19582,0.36014998,19.49807,,False,
005880.KS,KorLine,KS,721340304900.0,True,True,True,5,499.0,499.0,430.66666,430.66666,430.66666,440.0,454.0,True,True,True,0,0,1,1,2,-0.268,0.09552,0.22403999,5.8295455,,False,
067160.KQ,SOOP,KQ,719572414200.0,True,True,True,5,8213.118,8752.317,8836.349,8836.349,9365.698,9195.018,9939.13,True,True,True,0,0,4,3,17,,,,,,False,
007700.KS,F&F Holdings,KS,718530921790.0,True,False,False,0,,,,,,,,True,False,False,,,,,,0.051,0.21613,0.66739,,,False,
225570.KQ,NEXON Games,KQ,719193100080.0,True,True,True,5,393.422,393.422,667.18866,693.7924,659.8755,879.707,977.86957,True,True,True,0,0,0,0,1,-0.187,-0.58726,1.0,12.254081,,False,
293940.KS,Shinhan Alpha REIT,KS,714756126930.0,True,True,True,5,212.0,220.0,220.0,220.0,160.0,264.0,192.0,True,True,True,1,1,0,0,2,,0.57999,0.0,20.984848,,False,
005180.KS,Binggrae,KS,714766584400.0,True,True,True,5,9047.0,9534.333,9534.333,9534.333,11072.75,10668.5,10961.667,True,True,True,0,0,2,1,2,0.005,-0.03714,0.29123,6.842574,,False,
287840.KQ,ITC,KQ,715045296000.0,True,False,False,0,,,,,,,,True,False,False,,,,,,5.475,-2.5680099,0.99647003,,,False,
448900.KQ,PIM KOREA,KQ,711528154500.0,True,True,True,5,394.0,0.0,0.0,0.0,0.0,728.6,0.0,True,True,True,0,0,0,0,,-0.152,0.06704,0.24063998,161.26819,,False,
365340.KQ,SungEel HiTech,KQ,709362117800.0,True,True,True,5,-827.7645,-394.0116,810.0,-1012.091,-1012.091,1222.181,1126.5928,True,True,True,0,0,0,0,5,0.563,-0.17474002,-0.15987,54.983673,,False,
042000.KQ,Cafe24 Corp.,KQ,708189176800.0,True,True,True,5,1923.0,2577.0,2577.0,2577.0,2675.0,3137.0,3685.0,True,True,True,0,0,1,1,1,0.002,0.14875,0.91591,7.2362127,,False,
002350.KS,NEXENTIRE,KS,706138750710.0,True,True,True,5,1613.3334,1648.5,1620.5,1620.5,1550.7402,1718.1111,1790.75,True,True,True,1,1,1,1,10,0.194,0.04854,0.27372,4.004398,,False,
003620.KS,KG Mobility,KS,704264693760.0,True,False,False,0,,,,,,,,True,False,False,,,,,,0.161,0.0144299995,0.1071,,,False,
214430.KQ,i3system,KQ,704415526000.0,True,True,True,5,3024.0,4676.5,4676.5,5253.5,5253.5,3775.0,8984.0,True,True,True,1,1,0,0,,0.308,0.12818,0.24110001,22.834436,,False,
001680.KS,Daesang,KS,703354907500.0,True,True,True,5,2785.0,3388.0,3611.0,3611.0,3765.5,3338.0,4291.5,True,True,True,0,0,1,1,1,0.005,0.01775,0.26639998,6.2462554,,False,
381970.KS,K Car,KS,699602751840.0,True,True,True,5,1143.6666,1173.5,1176.5,1176.5,1181.25,1377.0,1339.6666,True,True,True,0,0,2,1,3,0.059,0.022130001,0.102749996,7.298475,,False,
001500.KS,HMSEC,KS,693766753680.0,True,False,False,0,,,,,,,,True,False,False,,,,,,-0.422,0.35917,0.97423,,,False,
025980.KQ,Ananti,KQ,697935580320.0,True,False,False,0,,,,,,,,True,False,False,,,,,,,,,,,False,
372320.KQ,Curocell,KQ,695165562500.0,True,False,False,0,,,,,,,,True,False,False,,,,,,,0.0,0.0,,,False,
002020.KS,KOLON CORP,KS,687979344000.0,True,False,False,0,,,,,,,,True,False,False,,,,,,0.007,-0.08535,0.08816,,,False,
017940.KS,E1,KS,683942000000.0,True,True,True,5,24783.0,30178.0,30178.0,30178.0,35953.0,39850.0,41567.0,True,True,True,0,0,1,1,1,-0.013,-0.035150003,0.07746,2.4918444,,False,
178920.KS,PIAM,KS,678362038200.0,True,True,True,5,1767.5,1555.3334,1471.0,1471.0,1471.0,1846.25,1687.25,True,True,True,0,1,0,0,4,-0.001,0.21931,0.29789,15.897089,,False,
053800.KQ,AHNLAB,KQ,682054817800.0,True,False,False,0,,,,,,,,False,False,False,,,,,,0.012,0.24976999,1.00011,,,False,
058650.KS,SAH,KS,674158786800.0,True,True,True,5,17748.0,21658.0,21658.0,21658.0,24173.0,25586.5,42004.0,True,True,True,0,0,0,0,2,0.194,0.0239,0.06834,5.952358,,False,
090460.KS,BH,KS,670185375440.0,True,True,True,5,2754.1,2637.1,2612.5557,2632.7778,2662.6033,3409.5454,3468.8167,True,True,True,2,3,1,3,11,0.041,0.05673,0.08198,10.895881,,False,
000640.KS,Donga Socio Holdings,KS,667369911400.0,True,True,True,5,13600.5,13133.667,16270.874,16270.874,16270.874,13405.667,19154.693,True,True,True,0,0,2,0,3,0.072,0.04291,0.3175,7.1238527,,False,
130660.KS,KEPID,KS,665040000000.0,True,False,False,0,,,,,,,,True,False,False,,,,,,0.124,0.01643,0.07829,,,False,
0120G0.KS,Samyang Biopharm,KS,653612973000.0,True,False,False,0,,,,,,,,False,False,False,,,,,,,0.0,0.0,,,False,
005250.KS,GC Corp.,KS,648048733800.0,True,False,False,0,,,,,,,,False,False,False,,,,,,0.096,-0.01086,0.27767,,,False,
053610.KQ,PROTEC,KQ,650100000000.0,True,True,True,5,5642.0,5065.0,5065.0,5065.0,3205.3333,4838.5,3866.0,True,True,True,1,1,0,0,1,0.717,0.21275999,0.33040002,18.559471,,False,
046890.KQ,SSC,KQ,650105210000.0,True,True,True,5,111.95316,0.0,163.59,185.24716,106.08735,311.345,287.81064,True,True,True,0,0,0,0,3,0.001,0.0023,0.20091,55.276302,,False,
002960.KS,HankookShellOil,KS,647400000000.0,True,False,False,0,,,,,,,,True,False,False,,,,,,0.028,0.12164,0.31915,,,False,
039130.KS,HANATOUR SERVICE,KS,643606674600.0,True,True,True,5,3674.74,3771.86,3921.06,3921.06,4023.65,3994.3,4414.2,True,True,True,0,0,1,1,7,0.232,0.14883,0.78482,10.039306,,False,
002840.KS,MiwonComcl,KS,644100000000.0,True,False,False,0,,,,,,,,True,False,False,,,,,,-0.053,0.08302,0.1925,,,False,
000400.KS,LotteInsurance,KS,636189456000.0,True,False,False,0,,,,,,,,True,False,False,,,,,,0.068,-0.015310001,0.24083,,,False,
090360.KQ,Robostar,KQ,640575000000.0,True,False,False,0,,,,,,,,True,False,False,,,,,,0.043,-0.05531,0.09102,,,False,
060280.KQ,CUREXO,KQ,637716644800.0,True,True,True,5,147.0,169.5,169.5,186.0,186.0,198.0,222.0,True,True,True,0,0,0,0,,,,,,,False,
011930.KS,SHINSUNG E&G,KS,634012305080.0,True,True,True,5,1090.0,0.0,0.0,0.0,0.0,1400.0,0.0,True,True,True,0,0,0,0,1,-0.051,0.020539999,0.10177,2.8535714,,False,
001570.KS,Kumyang,KS,633275240400.0,True,False,False,0,,,,,,,,True,False,False,,,,,,-0.417,-0.2612,0.18719,,,False,
093050.KS,LF,KS,631584000000.0,True,False,False,0,,,,,,,,True,False,False,,,,,,0.069,0.12967,0.58029,,,False,
424870.KQ,ImmuneOncia,KQ,632092546500.0,True,False,False,0,,,,,,,,False,False,False,,,,,,-1.0,-251.82045,0.88359,,,False,
001820.KS,SamwhaCapacitor,KS,626818500000.0,True,True,True,5,1924.0,2240.3333,2358.0,2358.0,2358.0,3052.0,3247.3333,True,True,True,0,0,1,1,3,0.006,-0.00245,0.14845,22.051113,,False,
252990.KQ,SEMCNS,KQ,628674761160.0,True,True,True,5,525.0,469.0,469.0,447.0,447.0,664.0,588.0,True,True,True,1,1,0,0,,0.726,0.19197,0.47972,18.689758,,False,
200710.KQ,ADTechnology,KQ,626342305200.0,True,True,True,5,1456.5,1186.0,0.0,0.0,0.0,2490.5,0.0,True,True,True,0,0,0,0,2,,,,,,False,
383800.KS,LX HOLDINGS,KS,624738851100.0,True,True,True,5,1939.5,1683.0,2647.0,2647.0,2647.0,2183.5,2779.0,True,True,True,0,0,1,1,2,-0.011,-1.04311,1.0,3.8974123,,False,
383310.KQ,ECOPRO HN,KQ,626101720200.0,True,False,False,0,,,,,,,,True,False,False,,,,,,-0.51,0.05884,0.29479998,,,False,
460930.KQ,HYUNDAI HYMS,KQ,623567382760.0,True,False,False,0,,,,,,,,True,False,False,,,,,,0.188,0.09624,0.15201999,,,False,
272290.KQ,INNOX Advanced Materials,KQ,624732078300.0,True,True,True,5,2868.0,2712.0,2712.0,2712.0,2574.0,3481.0,4002.5,True,True,True,1,1,0,0,2,-0.017,0.12385,0.34689,9.336397,,False,
389650.KQ,NEXTBIOMEDICAL,KQ,623495336000.0,True,True,True,5,-612.0,0.0,0.0,0.0,0.0,949.0,0.0,True,True,True,0,0,0,0,3,0.706,-0.11630999,0.69486,57.63962,,False,
336570.KQ,WONTECH,KQ,622584767240.0,True,True,True,5,510.5,526.3333,603.3593,603.3593,603.3593,706.5782,739.8152,True,True,True,0,0,2,0,4,0.26,0.26413,0.67323995,11.845823,,False,
211050.KQ,Incar Financial Service,KQ,621707351340.0,True,False,False,0,,,,,,,,False,False,False,,,,,,0.405,0.08518,0.1842,,,False,
